開課序號,開課代碼,系所,組,年,班,全英語,MOOCS,限性別,中文課程名稱,英文課程名稱,學分,必/選,全/半,教師,地點時間,限修人數,選修人數,限修條件,備註
0908,01UG004,通識,A,,,,,,音樂鑑賞 [ 97-105入學：藝術與美感 ；106-108入學：藝術與美感  ；109起入學：人文藝術 ],Music Appreciation [ Fall Semester 2017 and Before : Art and Aesthetics ; From Fall Semester 2017 to Spring Semester 2020 : Art and Aesthetics  ; Fall Semester 2020 and After : Humanities and Arts ],2.0,通,半,李娓娓,四 3-4 本部 誠101,120,161,◎音樂系（學）不得選修,◎數位課程
0909,01UG004,通識,B,,,,,,音樂鑑賞 [ 97-105入學：藝術與美感 ；106-108入學：藝術與美感  ；109起入學：人文藝術 ],Music Appreciation [ Fall Semester 2017 and Before : Art and Aesthetics ; From Fall Semester 2017 to Spring Semester 2020 : Art and Aesthetics  ; Fall Semester 2020 and After : Humanities and Arts ],2.0,通,半,陳惠齡,二 3-4 本部 綜210展覽廳,50,54,◎音樂系（學）不得選修,
0910,01UG006,通識,,,,,,,臺灣小說選讀 [ 97-105入學：藝術與美感 ；106-108入學：語言與文學 藝術與美感  ；109起入學：人文藝術 ],Selected Readings in Taiwanese Novels [ Fall Semester 2017 and Before : Art and Aesthetics ; From Fall Semester 2017 to Spring Semester 2020 : Language and Literature Art and Aesthetics  ; Fall Semester 2020 and After : Humanities and Arts ],2.0,通,半,林淑慧,三 3-4 本部 教202會議廳,104,116,,
0911,01UG008,通識,,,,,,,旅行文學 [ 97-105入學：藝術與美感 ；106-108入學：語言與文學  ；109起入學：人文藝術 ],Travelling Literature [ Fall Semester 2017 and Before : Art and Aesthetics ; From Fall Semester 2017 to Spring Semester 2020 : Language and Literature  ; Fall Semester 2020 and After : Humanities and Arts ],2.0,通,半,陳室如,二 3-4 本部 樸401,50,57,◎國文系（學）不得選修,
0912,01UG011,通識,A,,,,,,亞裔美國文學與電影的藝術形式 [ 97-105入學：藝術與美感 ；106-108入學：語言與文學 藝術與美感  ；109起入學：人文藝術 ],Forms of Asian American Literature and Film [ Fall Semester 2017 and Before : Art and Aesthetics ; From Fall Semester 2017 to Spring Semester 2020 : Language and Literature Art and Aesthetics  ; Fall Semester 2020 and After : Humanities and Arts ],2.0,通,半,左乙萱,四 6-7 本部 誠203,55,56,,◎數位課程 建議英語閱讀能力中高級者選修。上課前請學會用Microsoft Teams、Moodle，有關Microsoft Teams之資訊見網大同步教學工具便利包與登入Moodle。有內建或外接麥克風。E-mail索取與第二週在教室上課時發放授權碼。若人數超過，出示或e-mail以下刪除個資與照片之影本或電子版優先，依次為1.GPA達4。大一則任何考試成績或成就特優。2.其他優異表現或指考英文達頂標。3.平均成績達3.7 (1)大四，(2)研究所或就業與此領域相關。索取授權碼、作業、信件與簡訊註明(1)姓名、(2)課名、A班、(3)學號、(4)星期幾與節次（例如四6-7）、(5)中文數位授課。
0913,01UG011,通識,B,,,是,,,亞裔美國文學與電影的藝術形式 [ 97-105入學：藝術與美感 ；106-108入學：語言與文學 藝術與美感  ；109起入學：人文藝術 ],Forms of Asian American Literature and Film [ Fall Semester 2017 and Before : Art and Aesthetics ; From Fall Semester 2017 to Spring Semester 2020 : Language and Literature Art and Aesthetics  ; Fall Semester 2020 and After : Humanities and Arts ],2.0,通,半,左乙萱,五 6-7 本部 誠203,55,56,,"Students should be able to read journal articles written in English and write an essay in English. Learn how to use Microsoft Teams and Moodle. Include your name, your student number, course title, and class B in all correspondence."
0914,01UG012,通識,,,,,,,舞蹈鑑賞 [ 97-105入學：藝術與美感 ；106-108入學：藝術與美感  ；109起入學：人文藝術 ],Dance Appreciation [ Fall Semester 2017 and Before : Art and Aesthetics ; From Fall Semester 2017 to Spring Semester 2020 : Art and Aesthetics  ; Fall Semester 2020 and After : Humanities and Arts ],3.0,通,半,王宏豪,四 6-8 本部 誠101,50,72,,
0915,01UG016,通識,,,,,,,戲劇鑑賞 [ 97-105入學：藝術與美感 ；106-108入學：藝術與美感  ；109起入學：人文藝術 ],Drama Appreciation [ Fall Semester 2017 and Before : Art and Aesthetics ; From Fall Semester 2017 to Spring Semester 2020 : Art and Aesthetics  ; Fall Semester 2020 and After : Humanities and Arts ],2.0,通,半,馮翊綱,三 3-4 本部 正105,50,50,,
0916,01UG018,通識,,,,,,,民間文學與說唱藝術 [ 97-105入學：藝術與美感 ；106-108入學：語言與文學 藝術與美感  ；109起入學：人文藝術 ],Folk Literatures and Speaking-Singing Arts [ Fall Semester 2017 and Before : Art and Aesthetics ; From Fall Semester 2017 to Spring Semester 2020 : Language and Literature Art and Aesthetics  ; Fall Semester 2020 and After : Humanities and Arts ],2.0,通,半,蔡孟珍,三 3-4 本部 誠202,85,97,◎國文系（學）不得選修,
0917,01UG021,通識,,,,,,,文學與電影 [ 97-105入學：藝術與美感 ；106-108入學：語言與文學 藝術與美感  ；109起入學：人文藝術 ],Literature and Film [ Fall Semester 2017 and Before : Art and Aesthetics ; From Fall Semester 2017 to Spring Semester 2020 : Language and Literature Art and Aesthetics  ; Fall Semester 2020 and After : Humanities and Arts ],3.0,通,半,蘇榕,四 2-4 本部 誠208,70,70,,◎數位課程
0918,01UG027,通識,,,,,,,日本美術鑑賞 [ 97-105入學：藝術與美感 ；106-108入學：藝術與美感  ；109起入學：人文藝術 ],Appreciation of Japanese Art [ Fall Semester 2017 and Before : Art and Aesthetics ; From Fall Semester 2017 to Spring Semester 2020 : Art and Aesthetics  ; Fall Semester 2020 and After : Humanities and Arts ],2.0,通,半,蔡家丘,四 8-9 本部 誠108,50,55,,
0919,01UG033,通識,,,,,,,音樂與戲劇 [ 97-105入學：藝術與美感 ；106-108入學：藝術與美感  ；109起入學：人文藝術 跨域專業探索課程 ],Music and Drama [ Fall Semester 2017 and Before : Art and Aesthetics ; From Fall Semester 2017 to Spring Semester 2020 : Art and Aesthetics  ; Fall Semester 2020 and After : Humanities and Arts Cross-domain Exploration ],2.0,通,半,王望舒,四 5-6 本部 音308,50,59,◎音樂系（學）不得選修,
3359,01UG034,通識,,,,,,,認識臺灣原住民樂舞 [ 97-105入學：藝術與美感 ；106-108入學：藝術與美感 歷史與文化  ；109起入學：人文藝術 ],Understanding on Taiwan Aboriginal Dance [ Fall Semester 2017 and Before : Art and Aesthetics ; From Fall Semester 2017 to Spring Semester 2020 : Art and Aesthetics History and Culture  ; Fall Semester 2020 and After : Humanities and Arts ],2.0,通,半,王宏豪,四 3-4 本部 誠201,50,55,,
0920,02UG001,通識,A,,,,,,哲學入門 [ 97-105入學：哲學思維與道德推理 ；106-108入學：哲學思維與道德推理  ；109起入學：社會科學 ],Introduction to Philosophy [ Fall Semester 2017 and Before : Philosophical Thinking and Moral Reasoning ; From Fall Semester 2017 to Spring Semester 2020 : Philosophical Thinking and Moral Reasoning  ; Fall Semester 2020 and After : Social Sciences ],2.0,通,半,傅皓政,一 3-4 本部 誠301,95,96,◎公領系（學）不得選修,
0921,02UG001,通識,B,,,,,,哲學入門 [ 97-105入學：哲學思維與道德推理 ；106-108入學：哲學思維與道德推理  ；109起入學：社會科學 ],Introduction to Philosophy [ Fall Semester 2017 and Before : Philosophical Thinking and Moral Reasoning ; From Fall Semester 2017 to Spring Semester 2020 : Philosophical Thinking and Moral Reasoning  ; Fall Semester 2020 and After : Social Sciences ],2.0,通,半,王鍾山,二 3-4 公館 理圖001,60,47,◎公領系（學）不得選修,
0922,02UG001,通識,C,,,,,,哲學入門 [ 97-105入學：哲學思維與道德推理 ；106-108入學：哲學思維與道德推理  ；109起入學：社會科學 ],Introduction to Philosophy [ Fall Semester 2017 and Before : Philosophical Thinking and Moral Reasoning ; From Fall Semester 2017 to Spring Semester 2020 : Philosophical Thinking and Moral Reasoning  ; Fall Semester 2020 and After : Social Sciences ],2.0,通,半,王鍾山,二 6-7 公館 理圖001,60,55,◎公領系（學）不得選修,
0923,02UG002,通識,,,,,,,思考方法 [ 97-105入學：哲學思維與道德推理 ；106-108入學：哲學思維與道德推理  ；109起入學：社會科學 ],Methods of Thinking [ Fall Semester 2017 and Before : Philosophical Thinking and Moral Reasoning ; From Fall Semester 2017 to Spring Semester 2020 : Philosophical Thinking and Moral Reasoning  ; Fall Semester 2020 and After : Social Sciences ],2.0,通,半,紀金慶,四 6-7 公館 理圖001,50,61,,
0924,02UG007,通識,,,,,,,中國哲人的生命與心靈 [ 97-105入學：哲學思維與道德推理 ；106-108入學：哲學思維與道德推理  ；109起入學：社會科學 ],The Intrinsic Life and Thinking of the Ancient Chinese Philosophers [ Fall Semester 2017 and Before : Philosophical Thinking and Moral Reasoning ; From Fall Semester 2017 to Spring Semester 2020 : Philosophical Thinking and Moral Reasoning  ; Fall Semester 2020 and After : Social Sciences ],2.0,通,半,黃瑩暖,二 3-4 本部 誠208,50,56,◎國文系（學）不得選修,
0925,02UG008,通識,,,,,,,中國古代思想的現代意義 [ 97-105入學：哲學思維與道德推理 ；106-108入學：哲學思維與道德推理  ；109起入學：社會科學 ],The Modern Meanings of Thoughts in Ancient China [ Fall Semester 2017 and Before : Philosophical Thinking and Moral Reasoning ; From Fall Semester 2017 to Spring Semester 2020 : Philosophical Thinking and Moral Reasoning  ; Fall Semester 2020 and After : Social Sciences ],2.0,通,半,謝聰輝,三 8-9 本部 誠302,50,51,◎國文系（學）不得選修,
0926,02UG010,通識,A,,,,,,人生哲學與批判性思考 [ 97-105入學：哲學思維與道德推理 ；106-108入學：哲學思維與道德推理  ；109起入學：社會科學 ],A Good Life and Critical Thinking [ Fall Semester 2017 and Before : Philosophical Thinking and Moral Reasoning ; From Fall Semester 2017 to Spring Semester 2020 : Philosophical Thinking and Moral Reasoning  ; Fall Semester 2020 and After : Social Sciences ],2.0,通,半,鄭鈞瑋,三 3-4 本部 誠108,65,64,,
0927,02UG010,通識,B,,,,,,人生哲學與批判性思考 [ 97-105入學：哲學思維與道德推理 ；106-108入學：哲學思維與道德推理  ；109起入學：社會科學 ],A Good Life and Critical Thinking [ Fall Semester 2017 and Before : Philosophical Thinking and Moral Reasoning ; From Fall Semester 2017 to Spring Semester 2020 : Philosophical Thinking and Moral Reasoning  ; Fall Semester 2020 and After : Social Sciences ],2.0,通,半,鄭鈞瑋,三 6-7 本部 誠108,65,65,,
0928,02UG010,通識,C,,,,,,人生哲學與批判性思考 [ 97-105入學：哲學思維與道德推理 ；106-108入學：哲學思維與道德推理  ；109起入學：社會科學 ],A Good Life and Critical Thinking [ Fall Semester 2017 and Before : Philosophical Thinking and Moral Reasoning ; From Fall Semester 2017 to Spring Semester 2020 : Philosophical Thinking and Moral Reasoning  ; Fall Semester 2020 and After : Social Sciences ],2.0,通,半,紀金慶,四 3-4 公館 理圖001,50,68,,
0929,02UG015,通識,,,,,,,生物哲學導論 [ 97-105入學：哲學思維與道德推理 ；106-108入學：哲學思維與道德推理  ；109起入學：社會科學 ],Introduction to Philosophy of Biology [ Fall Semester 2017 and Before : Philosophical Thinking and Moral Reasoning ; From Fall Semester 2017 to Spring Semester 2020 : Philosophical Thinking and Moral Reasoning  ; Fall Semester 2020 and After : Social Sciences ],2.0,通,半,林陳涌,二 8-9 公館 理圖002,50,59,,
0930,02UG019,通識,,,,,,,佛學中的人生智慧 [ 97-105入學：哲學思維與道德推理 ；106-108入學：哲學思維與道德推理 歷史與文化  ；109起入學：社會科學 ],Wisdom of Life from Buddhism [ Fall Semester 2017 and Before : Philosophical Thinking and Moral Reasoning ; From Fall Semester 2017 to Spring Semester 2020 : Philosophical Thinking and Moral Reasoning History and Culture  ; Fall Semester 2020 and After : Social Sciences ],2.0,通,半,釋見見,三 8-9 本部 誠101,70,120,,
0931,03UG002,通識,,,,是,,,現代民主政治 [ 97-105入學：公民素養與社會探究 ；106-108入學：公民素養與社會探究  ；109起入學：社會科學 ],Modern Democratic Politics [ Fall Semester 2017 and Before : Citizenship and Social Inquiry ; From Fall Semester 2017 to Spring Semester 2020 : Citizenship and Social Inquiry  ; Fall Semester 2020 and After : Social Sciences ],2.0,通,半,張敦為,四 3-4 公館 理圖002,50,43,◎公領系（學）不得選修,
0932,03UG003,通識,,,,是,,,多元文化 [ 97-105入學：公民素養與社會探究 ；106-108入學：公民素養與社會探究  ；109起入學：社會科學 ],Multicultural Literacy [ Fall Semester 2017 and Before : Citizenship and Social Inquiry ; From Fall Semester 2017 to Spring Semester 2020 : Citizenship and Social Inquiry  ; Fall Semester 2020 and After : Social Sciences ],2.0,通,半,張敦為,三 8-9 公館 Ｓ204,50,19,,
0933,03UG005,通識,A,,,,,,現代公民與法律 [ 97-105入學：公民素養與社會探究 ；106-108入學：公民素養與社會探究  ；109起入學：社會科學 ],Citizenship and Law [ Fall Semester 2017 and Before : Citizenship and Social Inquiry ; From Fall Semester 2017 to Spring Semester 2020 : Citizenship and Social Inquiry  ; Fall Semester 2020 and After : Social Sciences ],2.0,通,半,陳彥,二 9-10 本部 誠104,50,51,◎公領系（學）不得選修,
0934,03UG005,通識,B,,,,,,現代公民與法律 [ 97-105入學：公民素養與社會探究 ；106-108入學：公民素養與社會探究  ；109起入學：社會科學 ],Citizenship and Law [ Fall Semester 2017 and Before : Citizenship and Social Inquiry ; From Fall Semester 2017 to Spring Semester 2020 : Citizenship and Social Inquiry  ; Fall Semester 2020 and After : Social Sciences ],2.0,通,半,劉恆妏,三 6-7 本部 綜210展覽廳,90,98,◎公領系（學）不得選修,
0935,03UG006,通識,,,,,,,憲法與人權 [ 97-105入學：公民素養與社會探究 ；106-108入學：公民素養與社會探究  ；109起入學：社會科學 ],Constitution and Human Rights [ Fall Semester 2017 and Before : Citizenship and Social Inquiry ; From Fall Semester 2017 to Spring Semester 2020 : Citizenship and Social Inquiry  ; Fall Semester 2020 and After : Social Sciences ],2.0,通,半,呂啟民,四 6-7 本部 誠301,90,88,◎公領系（學）不得選修,
0936,03UG012,通識,,,,,,,臺灣流行文化 [ 97-105入學：公民素養與社會探究 ；106-108入學：公民素養與社會探究  ；109起入學：社會科學 跨域專業探索課程 ],Taiwan Popular Culture [ Fall Semester 2017 and Before : Citizenship and Social Inquiry ; From Fall Semester 2017 to Spring Semester 2020 : Citizenship and Social Inquiry  ; Fall Semester 2020 and After : Social Sciences Cross-domain Exploration ],2.0,通,半,莊佳穎,三 6-7 本部 誠101,120,133,,
0937,03UG024,通識,,,,,,,環境與傳播 [ 97-105入學：公民素養與社會探究 ；106-108入學：公民素養與社會探究  ；109起入學：社會科學 ],Environment and Communication [ Fall Semester 2017 and Before : Citizenship and Social Inquiry ; From Fall Semester 2017 to Spring Semester 2020 : Citizenship and Social Inquiry  ; Fall Semester 2020 and After : Social Sciences ],2.0,通,半,楊樺,一 3-4 公館 Ｓ102,100,120,,
0938,03UG027,通識,A,,,,,,女性文學、性別平等理論與婦運 [ 97-105入學：公民素養與社會探究 ；106-108入學：語言與文學 公民素養與社會探究  ；109起入學：人文藝術 ],"Women's Literature, Feminist Theory, and the Women's Movement [ Fall Semester 2017 and Before : Citizenship and Social Inquiry ; From Fall Semester 2017 to Spring Semester 2020 : Language and Literature Citizenship and Social Inquiry  ; Fall Semester 2020 and After : Humanities and Arts ]",2.0,通,半,左乙萱,四 4-5 本部 誠203,55,48,,◎數位課程 建議英語閱讀能力中高級者選修。上課前請學會用Microsoft Teams、Moodle，有關Microsoft Teams之資訊見網大同步教學工具便利包與登入Moodle。有內建或外接麥克風。E-mail索取與第二週在教室上課時發放授權碼。若人數超過，出示或e-mail以下刪除個資與照片之影本或電子版優先，依次為1.GPA達4。大一則任何考試成績或成就特優。2.其他優異表現或指考英文達頂標。3.平均成績達3.7 (1)大四，(2)研究所或就業與此領域相關。索取授權碼、作業、信件與簡訊註明(1)姓名、(2)課名、A班、(3)學號、(4)星期幾與節次（例如四4-5）、(5)中文數位授課。
0939,03UG027,通識,B,,,是,,,女性文學、性別平等理論與婦運 [ 97-105入學：公民素養與社會探究 ；106-108入學：語言與文學 公民素養與社會探究  ；109起入學：人文藝術 ],"Women's Literature, Feminist Theory, and the Women's Movement [ Fall Semester 2017 and Before : Citizenship and Social Inquiry ; From Fall Semester 2017 to Spring Semester 2020 : Language and Literature Citizenship and Social Inquiry  ; Fall Semester 2020 and After : Humanities and Arts ]",2.0,通,半,左乙萱,五 4-5 本部 誠203,55,48,,"Students should be able to read journal articles written in English and write an essay in English. Learn how to use Microsoft Teams and Moodle. Include your name, your student number, course title, and class B in all correspondence."
0940,03UG031,通識,,,,,,,鑑識科學概論 [ 97-105入學：公民素養與社會探究 ；106-108入學：公民素養與社會探究  ；109起入學：社會科學 ],Introduction to Forensic Sciences [ Fall Semester 2017 and Before : Citizenship and Social Inquiry ; From Fall Semester 2017 to Spring Semester 2020 : Citizenship and Social Inquiry  ; Fall Semester 2020 and After : Social Sciences ],2.0,通,半,姜雲生,四 3-4 本部 綜210展覽廳,120,173,,原則上不提供授權碼。急需授權碼者（限大四或延畢同學）須於開學首次上課時親洽任課教師，且須俟加選截止前5日始能取得授權碼。
0941,03UG041,通識,A,,,,,,管理學入門 [ 97-105入學：公民素養與社會探究 ；106-108入學：公民素養與社會探究  ；109起入學：社會科學 跨域專業探索課程 ],Introduction to Management [ Fall Semester 2017 and Before : Citizenship and Social Inquiry ; From Fall Semester 2017 to Spring Semester 2020 : Citizenship and Social Inquiry  ; Fall Semester 2020 and After : Social Sciences Cross-domain Exploration ],2.0,通,半,施友元,一 A-B 本部 誠208,60,60,◎企管系（學）不得選修,
0942,03UG041,通識,B,,,,,,管理學入門 [ 97-105入學：公民素養與社會探究 ；106-108入學：公民素養與社會探究  ；109起入學：社會科學 跨域專業探索課程 ],Introduction to Management [ Fall Semester 2017 and Before : Citizenship and Social Inquiry ; From Fall Semester 2017 to Spring Semester 2020 : Citizenship and Social Inquiry  ; Fall Semester 2020 and After : Social Sciences Cross-domain Exploration ],2.0,通,半,徐揚,五 6-7 公館 理圖003,60,63,◎企管系（學）不得選修,臺大、臺科大同學如欲加選本課程，請於本校加退選階段，至課堂上向授課教師索取授權碼。
0943,03UG042,通識,,,,,,,科技產業營業秘密保護與智慧財產權 [ 97-105入學：公民素養與社會探究 ；106-108入學：公民素養與社會探究  ；109起入學：社會科學 ],Trade Secret Protection and Intellectual Property Rights of Technology Industry [ Fall Semester 2017 and Before : Citizenship and Social Inquiry ; From Fall Semester 2017 to Spring Semester 2020 : Citizenship and Social Inquiry  ; Fall Semester 2020 and After : Social Sciences ],2.0,通,半,劉傳璽 陳建宇,五 8-9 本部 正301,50,55,,
0944,04UG001,通識,,,,,,,中國社會生活史 [ 97-105入學：歷史與文化 ；106-108入學：歷史與文化  ；109起入學：人文藝術 ],The History of Chinese Society and Daily Life [ Fall Semester 2017 and Before : History and Culture ; From Fall Semester 2017 to Spring Semester 2020 : History and Culture  ; Fall Semester 2020 and After : Humanities and Arts ],2.0,通,半,鍾豔攸,四 8-9 本部 正301,50,55,,
0945,04UG003,通識,A,,,,,,文明的探索 [ 97-105入學：歷史與文化 ；106-108入學：歷史與文化  ；109起入學：人文藝術 跨域專業探索課程 ],The Exploration of Civilization [ Fall Semester 2017 and Before : History and Culture ; From Fall Semester 2017 to Spring Semester 2020 : History and Culture  ; Fall Semester 2020 and After : Humanities and Arts Cross-domain Exploration ],2.0,通,半,陳健文,一 8-9 本部 正301,50,51,,
0946,04UG003,通識,B,,,,,,文明的探索 [ 97-105入學：歷史與文化 ；106-108入學：歷史與文化  ；109起入學：人文藝術 跨域專業探索課程 ],The Exploration of Civilization [ Fall Semester 2017 and Before : History and Culture ; From Fall Semester 2017 to Spring Semester 2020 : History and Culture  ; Fall Semester 2020 and After : Humanities and Arts Cross-domain Exploration ],2.0,通,半,陳建元,五 3-4 本部 誠102,50,80,,
0947,04UG006,通識,,,,,,,歷史、影像與真相 [ 97-105入學：歷史與文化 ；106-108入學：歷史與文化  ；109起入學：人文藝術 ],"History, Image and Truth [ Fall Semester 2017 and Before : History and Culture ; From Fall Semester 2017 to Spring Semester 2020 : History and Culture  ; Fall Semester 2020 and After : Humanities and Arts ]",2.0,通,半,陳健文,二 6-7 本部 正301,50,50,,
0948,04UG012,通識,,,,,,,認識臺灣的原住民 [ 97-105入學：歷史與文化 ；106-108入學：歷史與文化  ；109起入學：人文藝術 ],Understanding Taiwan Aborigines [ Fall Semester 2017 and Before : History and Culture ; From Fall Semester 2017 to Spring Semester 2020 : History and Culture  ; Fall Semester 2020 and After : Humanities and Arts ],2.0,通,半,陳永龍,四 3-4 本部 誠108,50,50,,
0949,04UG013,通識,,,,,,,臺灣歷史與電影 [ 97-105入學：歷史與文化 ；106-108入學：歷史與文化  ；109起入學：人文藝術 ],Taiwan History and Movie [ Fall Semester 2017 and Before : History and Culture ; From Fall Semester 2017 to Spring Semester 2020 : History and Culture  ; Fall Semester 2020 and After : Humanities and Arts ],2.0,通,半,陳佳宏,五 3-4 本部 誠101,100,100,,電影相關課程限修人數上限100人，不開放授權碼。
0950,04UG015,通識,,,,,,,臺灣歷史與文化 [ 97-105入學：歷史與文化 ；106-108入學：歷史與文化  ；109起入學：人文藝術 ],Taiwan History and Culture [ Fall Semester 2017 and Before : History and Culture ; From Fall Semester 2017 to Spring Semester 2020 : History and Culture  ; Fall Semester 2020 and After : Humanities and Arts ],2.0,通,半,陳志豪,二 3-4 本部 正301,50,50,,
0951,04UG017,通識,,,,,,,近代歐洲插畫裡的中國圖像 [ 97-105入學：歷史與文化 ；106-108入學：歷史與文化  ；109起入學：人文藝術 ],China in the Illustrations of Early Modern European Publications [ Fall Semester 2017 and Before : History and Culture ; From Fall Semester 2017 to Spring Semester 2020 : History and Culture  ; Fall Semester 2020 and After : Humanities and Arts ],2.0,通,半,潘鳳娟,一 9-10 本部 正202,50,55,◎東亞系（學）不得選修,
0952,04UG023,通識,,,,,,,２０世紀動盪時局下的知識份子 [ 97-105入學：歷史與文化 ；106-108入學：歷史與文化  ；109起入學：人文藝術 ],Intellectuals during Turbulent Times in the 20th Century [ Fall Semester 2017 and Before : History and Culture ; From Fall Semester 2017 to Spring Semester 2020 : History and Culture  ; Fall Semester 2020 and After : Humanities and Arts ],2.0,通,半,胡元玲,二 9-10 本部 正301,50,51,◎東亞系（學）不得選修,
0953,04UG024,通識,A,,,,,,臺灣文史與城市發展 [ 97-105入學：歷史與文化 ；106-108入學：公民素養與社會探究 歷史與文化  ；109起入學：人文藝術 ],"Culture, History and Urban Development of Taiwan [ Fall Semester 2017 and Before : History and Culture ; From Fall Semester 2017 to Spring Semester 2020 : Citizenship and Social Inquiry History and Culture  ; Fall Semester 2020 and After : Humanities and Arts ]",2.0,通,半,黃玫瑄,二 3-4 本部 誠301,65,62,,
0954,04UG024,通識,B,,,,,,臺灣文史與城市發展 [ 97-105入學：歷史與文化 ；106-108入學：公民素養與社會探究 歷史與文化  ；109起入學：人文藝術 ],"Culture, History and Urban Development of Taiwan [ Fall Semester 2017 and Before : History and Culture ; From Fall Semester 2017 to Spring Semester 2020 : Citizenship and Social Inquiry History and Culture  ; Fall Semester 2020 and After : Humanities and Arts ]",2.0,通,半,黃玫瑄,二 6-7 本部 誠301,65,64,,
0955,04UG029,通識,,,,,,,《楚辭‧九歌》與神話、巫風 [ 97-105入學：歷史與文化 ；106-108入學：語言與文學 歷史與文化  ；109起入學：人文藝術 ],The Myths and Witchcraft of Jiuge [ Fall Semester 2017 and Before : History and Culture ; From Fall Semester 2017 to Spring Semester 2020 : Language and Literature History and Culture  ; Fall Semester 2020 and After : Humanities and Arts ],2.0,通,半,郭乃禎,三 3-4 本部 誠109,73,76,,
0956,04UG030,通識,,,,,,,客家社會探究 [ 97-105入學：歷史與文化 ；106-108入學：公民素養與社會探究 歷史與文化  ；109起入學：人文藝術 ],Social Inquiry of Hakka Community [ Fall Semester 2017 and Before : History and Culture ; From Fall Semester 2017 to Spring Semester 2020 : Citizenship and Social Inquiry History and Culture  ; Fall Semester 2020 and After : Humanities and Arts ],2.0,通,半,黃玫瑄,四 3-4 本部 誠301,65,64,,◎進階服務學習
0957,04UG033,通識,,,,是,,,東南亞文化與歷史概略 [ 97-105入學：歷史與文化 ；106-108入學：歷史與文化  ；109起入學：人文藝術 ],An Overview of Southeast Asian Culture and History [ Fall Semester 2017 and Before : History and Culture ; From Fall Semester 2017 to Spring Semester 2020 : History and Culture  ; Fall Semester 2020 and After : Humanities and Arts ],2.0,通,半,廖弘民,五 6-7 本部 誠105,46,37,,
0958,05UG001,通識,A,,,,,,邏輯思考與應用 [ 97-105入學：數學與科學思維 ；106-108入學：哲學思維與道德推理 數學與邏輯思維  ；109起入學：自然科學 跨域專業探索課程 ],Logical Thinking and Application [ Fall Semester 2017 and Before : Mathematic and Scientific Thinking ; From Fall Semester 2017 to Spring Semester 2020 : Philosophical Thinking and Moral Reasoning Mathematical and Logical Thinking  ; Fall Semester 2020 and After : Natural Sciences Cross-domain Exploration ],2.0,通,半,王銀國,二 3-4 本部 誠101,155,174,,全國最有個性的通識課，但保證教到會（免費個別教導）。
0959,05UG001,通識,B,,,,,,邏輯思考與應用 [ 97-105入學：數學與科學思維 ；106-108入學：哲學思維與道德推理 數學與邏輯思維  ；109起入學：自然科學 跨域專業探索課程 ],Logical Thinking and Application [ Fall Semester 2017 and Before : Mathematic and Scientific Thinking ; From Fall Semester 2017 to Spring Semester 2020 : Philosophical Thinking and Moral Reasoning Mathematical and Logical Thinking  ; Fall Semester 2020 and After : Natural Sciences Cross-domain Exploration ],2.0,通,半,王銀國,二 8-9 本部 誠101,155,172,,全國最有個性的通識課，但保證教到會（免費個別教導）。
0960,05UG001,通識,C,,,,,,邏輯思考與應用 [ 97-105入學：數學與科學思維 ；106-108入學：哲學思維與道德推理 數學與邏輯思維  ；109起入學：自然科學 跨域專業探索課程 ],Logical Thinking and Application [ Fall Semester 2017 and Before : Mathematic and Scientific Thinking ; From Fall Semester 2017 to Spring Semester 2020 : Philosophical Thinking and Moral Reasoning Mathematical and Logical Thinking  ; Fall Semester 2020 and After : Natural Sciences Cross-domain Exploration ],2.0,通,半,蔡承志,二 6-7 本部 正202,55,55,,
0961,05UG002,通識,A,,,,,,科學思維 [ 97-105入學：數學與科學思維 ；106-108入學：哲學思維與道德推理  ；109起入學：自然科學 ],Introduction to Scientific Thinking [ Fall Semester 2017 and Before : Mathematic and Scientific Thinking ; From Fall Semester 2017 to Spring Semester 2020 : Philosophical Thinking and Moral Reasoning  ; Fall Semester 2020 and After : Natural Sciences ],2.0,通,半,鍾兆晉,一 10-A 本部 誠109,75,75,,
0962,05UG002,通識,B,,,,,,科學思維 [ 97-105入學：數學與科學思維 ；106-108入學：哲學思維與道德推理  ；109起入學：自然科學 ],Introduction to Scientific Thinking [ Fall Semester 2017 and Before : Mathematic and Scientific Thinking ; From Fall Semester 2017 to Spring Semester 2020 : Philosophical Thinking and Moral Reasoning  ; Fall Semester 2020 and After : Natural Sciences ],2.0,通,半,鍾兆晉,一 B-C 本部 誠109,75,74,,
0963,05UG009,通識,A,,,,,,科技與社會 [ 97-105入學：數學與科學思維 ；106-108入學：科學與生命  ；109起入學：自然科學 ],"Science, Technology and Society [ Fall Semester 2017 and Before : Mathematic and Scientific Thinking ; From Fall Semester 2017 to Spring Semester 2020 : Science and Life  ; Fall Semester 2020 and After : Natural Sciences ]",2.0,通,半,李旻憲,二 3-4 本部 正102,50,52,,
0964,05UG009,通識,B,,,,,,科技與社會 [ 97-105入學：數學與科學思維 ；106-108入學：科學與生命  ；109起入學：自然科學 ],"Science, Technology and Society [ Fall Semester 2017 and Before : Mathematic and Scientific Thinking ; From Fall Semester 2017 to Spring Semester 2020 : Science and Life  ; Fall Semester 2020 and After : Natural Sciences ]",2.0,通,半,林陳涌,二 3-4 公館 理圖002,50,19,,
0965,05UG010,通識,,,,,,,科學的語言 [ 97-105入學：數學與科學思維 ；106-108入學：數學與邏輯思維  ；109起入學：自然科學 ],The Language of Sciences [ Fall Semester 2017 and Before : Mathematic and Scientific Thinking ; From Fall Semester 2017 to Spring Semester 2020 : Mathematical and Logical Thinking  ; Fall Semester 2020 and After : Natural Sciences ],2.0,通,半,蔡承志,二 8-9 本部 正202,55,55,,
0966,05UG011,通識,A,,,,,,科技倫理 [ 97-105入學：數學與科學思維 ；106-108入學：哲學思維與道德推理 公民素養與社會探究  ；109起入學：社會科學 ],Technology Ethics [ Fall Semester 2017 and Before : Mathematic and Scientific Thinking ; From Fall Semester 2017 to Spring Semester 2020 : Philosophical Thinking and Moral Reasoning Citizenship and Social Inquiry  ; Fall Semester 2020 and After : Social Sciences ],2.0,通,半,劉啟民,三 6-7 本部 誠109,70,69,,
0967,05UG011,通識,B,,,,,,科技倫理 [ 97-105入學：數學與科學思維 ；106-108入學：哲學思維與道德推理 公民素養與社會探究  ；109起入學：社會科學 ],Technology Ethics [ Fall Semester 2017 and Before : Mathematic and Scientific Thinking ; From Fall Semester 2017 to Spring Semester 2020 : Philosophical Thinking and Moral Reasoning Citizenship and Social Inquiry  ; Fall Semester 2020 and After : Social Sciences ],2.0,通,半,劉啟民,三 8-9 本部 誠109,70,73,,
0968,05UG012,通識,,,,,,,科技史哲思維下的世界觀 [ 97-105入學：數學與科學思維 ；106-108入學：科學與生命  ；109起入學：自然科學 ],Worldview: An Overview of the History and Philosophy of Science [ Fall Semester 2017 and Before : Mathematic and Scientific Thinking ; From Fall Semester 2017 to Spring Semester 2020 : Science and Life  ; Fall Semester 2020 and After : Natural Sciences ],2.0,通,半,陳珍源,五 1-2 本部 誠201,90,102,,臺大、臺科大同學如欲加選本課程，請先e-mail取得教師同意，並於本校加退選階段向教師索取授權碼。
0969,05UG015,通識,,,,,,,生活中的統計 [ 97-105入學：數學與科學思維 ；106-108入學：數學與邏輯思維  ；109起入學：社會科學 ],Statistics in Daily Life [ Fall Semester 2017 and Before : Mathematic and Scientific Thinking ; From Fall Semester 2017 to Spring Semester 2020 : Mathematical and Logical Thinking  ; Fall Semester 2020 and After : Social Sciences ],2.0,通,半,林昌平,二 6-7 本部 誠109,50,55,,
0970,05UG016,通識,A,,,,,,運算思維與程式設計 [ 97-105入學：數學與科學思維 ；106-108入學：數學與邏輯思維  ；109起入學：邏輯運算 跨域專業探索課程 ],Computational Thinking and Programming [ Fall Semester 2017 and Before : Mathematic and Scientific Thinking ; From Fall Semester 2017 to Spring Semester 2020 : Mathematical and Logical Thinking  ; Fall Semester 2020 and After : Logic and Computing Cross-domain Exploration ],2.0,通,半,簡培修,二 8-9 本部 教401,50,55,,
0971,05UG016,通識,B,,,,,,運算思維與程式設計 [ 97-105入學：數學與科學思維 ；106-108入學：數學與邏輯思維  ；109起入學：邏輯運算 跨域專業探索課程 ],Computational Thinking and Programming [ Fall Semester 2017 and Before : Mathematic and Scientific Thinking ; From Fall Semester 2017 to Spring Semester 2020 : Mathematical and Logical Thinking  ; Fall Semester 2020 and After : Logic and Computing Cross-domain Exploration ],2.0,通,半,張凌倩,二 9-10 公館 理圖801,50,53,,
0972,05UG016,通識,C,,,,,,運算思維與程式設計 [ 97-105入學：數學與科學思維 ；106-108入學：數學與邏輯思維  ；109起入學：邏輯運算 跨域專業探索課程 ],Computational Thinking and Programming [ Fall Semester 2017 and Before : Mathematic and Scientific Thinking ; From Fall Semester 2017 to Spring Semester 2020 : Mathematical and Logical Thinking  ; Fall Semester 2020 and After : Logic and Computing Cross-domain Exploration ],2.0,通,半,簡培修,三 8-9 本部 教401,50,55,,
0973,05UG016,通識,D,,,,,,運算思維與程式設計 [ 97-105入學：數學與科學思維 ；106-108入學：數學與邏輯思維  ；109起入學：邏輯運算 跨域專業探索課程 ],Computational Thinking and Programming [ Fall Semester 2017 and Before : Mathematic and Scientific Thinking ; From Fall Semester 2017 to Spring Semester 2020 : Mathematical and Logical Thinking  ; Fall Semester 2020 and After : Logic and Computing Cross-domain Exploration ],2.0,通,半,蔡明男,四 6-7 本部 教401,50,58,,
0974,05UG016,通識,E,,,,,,運算思維與程式設計 [ 97-105入學：數學與科學思維 ；106-108入學：數學與邏輯思維  ；109起入學：邏輯運算 跨域專業探索課程 ],Computational Thinking and Programming [ Fall Semester 2017 and Before : Mathematic and Scientific Thinking ; From Fall Semester 2017 to Spring Semester 2020 : Mathematical and Logical Thinking  ; Fall Semester 2020 and After : Logic and Computing Cross-domain Exploration ],2.0,通,半,蔡明男,四 8-9 本部 教401,50,54,,
0975,05UG016,通識,F,,,,,,運算思維與程式設計 [ 97-105入學：數學與科學思維 ；106-108入學：數學與邏輯思維  ；109起入學：邏輯運算 跨域專業探索課程 ],Computational Thinking and Programming [ Fall Semester 2017 and Before : Mathematic and Scientific Thinking ; From Fall Semester 2017 to Spring Semester 2020 : Mathematical and Logical Thinking  ; Fall Semester 2020 and After : Logic and Computing Cross-domain Exploration ],2.0,通,半,邵森蘭,四 9-10 公館 理圖801,50,53,,
0976,05UG016,通識,G,,,,,,運算思維與程式設計 [ 97-105入學：數學與科學思維 ；106-108入學：數學與邏輯思維  ；109起入學：邏輯運算 跨域專業探索課程 ],Computational Thinking and Programming [ Fall Semester 2017 and Before : Mathematic and Scientific Thinking ; From Fall Semester 2017 to Spring Semester 2020 : Mathematical and Logical Thinking  ; Fall Semester 2020 and After : Logic and Computing Cross-domain Exploration ],2.0,通,半,江政杰,五 1-2 公館 理圖801,50,56,,
0977,05UG016,通識,H,,,,,,運算思維與程式設計 [ 97-105入學：數學與科學思維 ；106-108入學：數學與邏輯思維  ；109起入學：邏輯運算 跨域專業探索課程 ],Computational Thinking and Programming [ Fall Semester 2017 and Before : Mathematic and Scientific Thinking ; From Fall Semester 2017 to Spring Semester 2020 : Mathematical and Logical Thinking  ; Fall Semester 2020 and After : Logic and Computing Cross-domain Exploration ],2.0,通,半,江政杰,五 3-4 公館 理圖801,50,51,,
0978,05UG016,通識,I,,,,,,運算思維與程式設計 [ 97-105入學：數學與科學思維 ；106-108入學：數學與邏輯思維  ；109起入學：邏輯運算 跨域專業探索課程 ],Computational Thinking and Programming [ Fall Semester 2017 and Before : Mathematic and Scientific Thinking ; From Fall Semester 2017 to Spring Semester 2020 : Mathematical and Logical Thinking  ; Fall Semester 2020 and After : Logic and Computing Cross-domain Exploration ],2.0,通,半,張凌倩,五 9-10 本部 教401,50,52,,
0979,05UG016,通識,J,,,,,,運算思維與程式設計 [ 97-105入學：數學與科學思維 ；106-108入學：數學與邏輯思維  ；109起入學：邏輯運算 跨域專業探索課程 ],Computational Thinking and Programming [ Fall Semester 2017 and Before : Mathematic and Scientific Thinking ; From Fall Semester 2017 to Spring Semester 2020 : Mathematical and Logical Thinking  ; Fall Semester 2020 and After : Logic and Computing Cross-domain Exploration ],2.0,通,半,黃芳蘭,五 9-10 公館 理圖801,50,52,,
0980,05UG017,通識,,,,是,,,資料科學與程式設計 [ 97-105入學：數學與科學思維 ；106-108入學：數學與邏輯思維  ；109起入學：邏輯運算 ],Data Science and Computer Programming [ Fall Semester 2017 and Before : Mathematic and Scientific Thinking ; From Fall Semester 2017 to Spring Semester 2020 : Mathematical and Logical Thinking  ; Fall Semester 2020 and After : Logic and Computing ],2.0,通,半,林耘逸,二 9-10 本部 教402,50,59,,
0981,05UG019,通識,A,,,,,,行動App程式設計 [ 97-105入學：數學與科學思維 ；106-108入學：數學與邏輯思維  ；109起入學：邏輯運算 ],Mobile App Development [ Fall Semester 2017 and Before : Mathematic and Scientific Thinking ; From Fall Semester 2017 to Spring Semester 2020 : Mathematical and Logical Thinking  ; Fall Semester 2020 and After : Logic and Computing ],2.0,通,半,劉建成,二 6-7 公館 理圖801,50,54,,◎數位課程
0982,05UG019,通識,B,,,,,,行動App程式設計 [ 97-105入學：數學與科學思維 ；106-108入學：數學與邏輯思維  ；109起入學：邏輯運算 ],Mobile App Development [ Fall Semester 2017 and Before : Mathematic and Scientific Thinking ; From Fall Semester 2017 to Spring Semester 2020 : Mathematical and Logical Thinking  ; Fall Semester 2020 and After : Logic and Computing ],2.0,通,半,劉建成,四 6-7 本部 教402,50,47,,
0983,05UG020,通識,A,,,,,,統計學 [ 97-105入學：數學與科學思維 ；106-108入學：數學與邏輯思維  ；109起入學：社會科學 學院共同課程 ],Statistics [ Fall Semester 2017 and Before : Mathematic and Scientific Thinking ; From Fall Semester 2017 to Spring Semester 2020 : Mathematical and Logical Thinking  ; Fall Semester 2020 and After : Social Sciences College Common Course ],2.0,通,半,林小慧,三 3-4 本部 教201演講廳,100,111,,
0984,05UG020,通識,B,,,,,,統計學 [ 97-105入學：數學與科學思維 ；106-108入學：數學與邏輯思維  ；109起入學：社會科學 學院共同課程 ],Statistics [ Fall Semester 2017 and Before : Mathematic and Scientific Thinking ; From Fall Semester 2017 to Spring Semester 2020 : Mathematical and Logical Thinking  ; Fall Semester 2020 and After : Social Sciences College Common Course ],2.0,通,半,何英奇,二 6-7 本部 教401,50,64,,
0985,05UG021,通識,A,,,,,,試算表進階應用與程式設計 [ 97-105入學：數學與科學思維 ；106-108入學：數學與邏輯思維  ；109起入學：邏輯運算 ],Advanced Applications of Spreadsheets and Programming [ Fall Semester 2017 and Before : Mathematic and Scientific Thinking ; From Fall Semester 2017 to Spring Semester 2020 : Mathematical and Logical Thinking  ; Fall Semester 2020 and After : Logic and Computing ],2.0,通,半,吳清輝,一 6-7 本部 教401,50,54,,
0986,05UG021,通識,B,,,,,,試算表進階應用與程式設計 [ 97-105入學：數學與科學思維 ；106-108入學：數學與邏輯思維  ；109起入學：邏輯運算 ],Advanced Applications of Spreadsheets and Programming [ Fall Semester 2017 and Before : Mathematic and Scientific Thinking ; From Fall Semester 2017 to Spring Semester 2020 : Mathematical and Logical Thinking  ; Fall Semester 2020 and After : Logic and Computing ],2.0,通,半,吳清輝,一 8-9 本部 教401,50,55,,
0987,05UG022,通識,,,,,,,學程式玩音樂 [ 97-105入學：數學與科學思維 ；106-108入學：數學與邏輯思維  ；109起入學：邏輯運算 ],Learning Programming for Music [ Fall Semester 2017 and Before : Mathematic and Scientific Thinking ; From Fall Semester 2017 to Spring Semester 2020 : Mathematical and Logical Thinking  ; Fall Semester 2020 and After : Logic and Computing ],2.0,通,半,林宜徵,二 3-4 本部 教402,50,55,,
0988,05UG023,通識,A,,,,,,文本分析與程式設計 [ 97-105入學：數學與科學思維 ；106-108入學：數學與邏輯思維  ；109起入學：邏輯運算 ],Textual Data Analysis [ Fall Semester 2017 and Before : Mathematic and Scientific Thinking ; From Fall Semester 2017 to Spring Semester 2020 : Mathematical and Logical Thinking  ; Fall Semester 2020 and After : Logic and Computing ],2.0,通,半,王祥安,五 3-4 本部 教402,50,45,,
0989,05UG023,通識,B,,,,,,文本分析與程式設計 [ 97-105入學：數學與科學思維 ；106-108入學：數學與邏輯思維  ；109起入學：邏輯運算 ],Textual Data Analysis [ Fall Semester 2017 and Before : Mathematic and Scientific Thinking ; From Fall Semester 2017 to Spring Semester 2020 : Mathematical and Logical Thinking  ; Fall Semester 2020 and After : Logic and Computing ],2.0,通,半,王祥安,五 6-7 本部 教402,50,52,,
0990,05UG025,通識,,,,,,,遊戲程式設計 [ 97-105入學：數學與科學思維 ；106-108入學：數學與邏輯思維  ；109起入學：邏輯運算 ],"Learn to Code: Images, Animation, and Games [ Fall Semester 2017 and Before : Mathematic and Scientific Thinking ; From Fall Semester 2017 to Spring Semester 2020 : Mathematical and Logical Thinking  ; Fall Semester 2020 and After : Logic and Computing ]",2.0,通,半,劉建成,五 3-4 本部 教401,50,54,,
0991,05UG026,通識,,,,,,,運動數據分析與程式設計 [ 97-105入學：數學與科學思維 ；106-108入學：數學與邏輯思維  ；109起入學：邏輯運算 ],Computer Programming and Data Analysis in Sports [ Fall Semester 2017 and Before : Mathematic and Scientific Thinking ; From Fall Semester 2017 to Spring Semester 2020 : Mathematical and Logical Thinking  ; Fall Semester 2020 and After : Logic and Computing ],2.0,通,半,蔣宗哲 劉有德,三 3-4 公館 理圖801,50,60,,
0992,05UG027,通識,,,,是,,,數位音樂與聲音合成之基礎程式設計 [ 97-105入學：數學與科學思維 ；106-108入學：藝術與美感 數學與邏輯思維  ；109起入學：邏輯運算 ],Fundamental Programming for Digital Music and Sound Synthesis [ Fall Semester 2017 and Before : Mathematic and Scientific Thinking ; From Fall Semester 2017 to Spring Semester 2020 : Art and Aesthetics Mathematical and Logical Thinking  ; Fall Semester 2020 and After : Logic and Computing ],2.0,通,半,林宜徵,二 6-7 本部 教402,45,29,,
0993,05UG028,通識,A,,,,,,試算表與商務資料分析 [ 97-105入學：數學與科學思維 ；106-108入學：數學與邏輯思維  ；109起入學：邏輯運算 ],Advanced Spreadsheet Tools for Business Analysis [ Fall Semester 2017 and Before : Mathematic and Scientific Thinking ; From Fall Semester 2017 to Spring Semester 2020 : Mathematical and Logical Thinking  ; Fall Semester 2020 and After : Logic and Computing ],2.0,通,半,劉建成,二 3-4 公館 理圖801,50,46,,
0994,05UG028,通識,B,,,,,,試算表與商務資料分析 [ 97-105入學：數學與科學思維 ；106-108入學：數學與邏輯思維  ；109起入學：邏輯運算 ],Advanced Spreadsheet Tools for Business Analysis [ Fall Semester 2017 and Before : Mathematic and Scientific Thinking ; From Fall Semester 2017 to Spring Semester 2020 : Mathematical and Logical Thinking  ; Fall Semester 2020 and After : Logic and Computing ],2.0,通,半,劉建成,四 3-4 本部 教401,50,55,,
0995,06UG004,通識,,,,是,,,星星月亮太陽－天文漫談 [ 97-105入學：科學與生命 ；106-108入學：科學與生命  ；109起入學：自然科學 ],Introduction to Astronomy [ Fall Semester 2017 and Before : Science and Life ; From Fall Semester 2017 to Spring Semester 2020 : Science and Life  ; Fall Semester 2020 and After : Natural Sciences ],2.0,通,半,橋本康弘,三 3-4 公館 Ｅ202,97,155,◎地科系（學）不得選修,
0996,06UG005,通識,A,,,,,,奈米科技 [ 97-105入學：科學與生命 ；106-108入學：科學與生命  ；109起入學：自然科學 跨域專業探索課程 ],Nano Technology [ Fall Semester 2017 and Before : Science and Life ; From Fall Semester 2017 to Spring Semester 2020 : Science and Life  ; Fall Semester 2020 and After : Natural Sciences Cross-domain Exploration ],2.0,通,半,鄭淳護,二 6-7 本部 樸401,50,62,,
0997,06UG005,通識,B,,,,,,奈米科技 [ 97-105入學：科學與生命 ；106-108入學：科學與生命  ；109起入學：自然科學 跨域專業探索課程 ],Nano Technology [ Fall Semester 2017 and Before : Science and Life ; From Fall Semester 2017 to Spring Semester 2020 : Science and Life  ; Fall Semester 2020 and After : Natural Sciences Cross-domain Exploration ],2.0,通,半,郭金國,五 3-4 本部 教201演講廳,200,199,,
0998,06UG006,通識,A,,,,,,環境倫理與永續發展 [ 97-105入學：科學與生命 ；106-108入學：公民素養與社會探究 科學與生命  ；109起入學：自然科學 ],Environmental Ethics and Sustainable Development [ Fall Semester 2017 and Before : Science and Life ; From Fall Semester 2017 to Spring Semester 2020 : Citizenship and Social Inquiry Science and Life  ; Fall Semester 2020 and After : Natural Sciences ],2.0,通,半,張子超,三 6-7 公館 理圖001,50,49,,
0999,06UG006,通識,B,,,,,,環境倫理與永續發展 [ 97-105入學：科學與生命 ；106-108入學：公民素養與社會探究 科學與生命  ；109起入學：自然科學 ],Environmental Ethics and Sustainable Development [ Fall Semester 2017 and Before : Science and Life ; From Fall Semester 2017 to Spring Semester 2020 : Citizenship and Social Inquiry Science and Life  ; Fall Semester 2020 and After : Natural Sciences ],2.0,通,半,李清安,一 A-B 本部 誠201,90,97,,
1000,06UG007,通識,,,,,,,生活中的化學 [ 97-105入學：科學與生命 ；106-108入學：科學與生命  ；109起入學：自然科學 ],Life with Chemistry [ Fall Semester 2017 and Before : Science and Life ; From Fall Semester 2017 to Spring Semester 2020 : Science and Life  ; Fall Semester 2020 and After : Natural Sciences ],2.0,通,半,姜雲生,四 1-2 本部 綜210展覽廳,135,173,,1.原則上不提供授權碼。急需授權碼者(限大四或延畢同學)須於開學首次上課時親洽任課教師，且須俟加選截止前5日始能取得授權碼。2.「生活中的化學」可望對體育系、競技系、音樂系、生科系、衛教系同學尤多助益。
1001,06UG009,通識,,,,,,,植物與人生 [ 97-105入學：科學與生命 ；106-108入學：科學與生命  ；109起入學：自然科學 ],Plants and Human Life [ Fall Semester 2017 and Before : Science and Life ; From Fall Semester 2017 to Spring Semester 2020 : Science and Life  ; Fall Semester 2020 and After : Natural Sciences ],2.0,通,半,王震哲,三 3-4 公館 Ｓ101,70,98,◎生科系（學）不得選修,
1002,06UG012,通識,A,,,,,,資訊科技與生活 [ 97-105入學：科學與生命 ；106-108入學：科學與生命  ；109起入學：邏輯運算 ],Information Technology and the Way of Life [ Fall Semester 2017 and Before : Science and Life ; From Fall Semester 2017 to Spring Semester 2020 : Science and Life  ; Fall Semester 2020 and After : Logic and Computing ],2.0,通,半,劉建成,一 3-4 本部 誠104,50,54,,
1003,06UG012,通識,B,,,,,,資訊科技與生活 [ 97-105入學：科學與生命 ；106-108入學：科學與生命  ；109起入學：邏輯運算 ],Information Technology and the Way of Life [ Fall Semester 2017 and Before : Science and Life ; From Fall Semester 2017 to Spring Semester 2020 : Science and Life  ; Fall Semester 2020 and After : Logic and Computing ],2.0,通,半,劉建成,一 6-7 本部 誠104,50,54,,
1004,06UG018,通識,A,,,,,,學習與生活中的腦科學 [ 97-105入學：科學與生命 ；106-108入學：科學與生命  ；109起入學：自然科學 ],Brain Science in Learning and Daily Life [ Fall Semester 2017 and Before : Science and Life ; From Fall Semester 2017 to Spring Semester 2020 : Science and Life  ; Fall Semester 2020 and After : Natural Sciences ],2.0,通,半,顏妙璇,一 3-4 公館 理圖001,50,59,,
1005,06UG018,通識,B,,,,,,學習與生活中的腦科學 [ 97-105入學：科學與生命 ；106-108入學：科學與生命  ；109起入學：自然科學 ],Brain Science in Learning and Daily Life [ Fall Semester 2017 and Before : Science and Life ; From Fall Semester 2017 to Spring Semester 2020 : Science and Life  ; Fall Semester 2020 and After : Natural Sciences ],2.0,通,半,顏妙璇,二 3-4 公館 理圖003,50,49,,
1006,06UG021,通識,A,,,,,,宇宙中的生命與太空環境 [ 97-105入學：科學與生命 ；106-108入學：科學與生命  ；109起入學：自然科學 ],Life in the Universe and the Space Environments [ Fall Semester 2017 and Before : Science and Life ; From Fall Semester 2017 to Spring Semester 2020 : Science and Life  ; Fall Semester 2020 and After : Natural Sciences ],2.0,通,半,李悅寧,三 3-4 本部 誠203,50,14,,
1007,06UG021,通識,B,,,是,,,宇宙中的生命與太空環境 [ 97-105入學：科學與生命 ；106-108入學：科學與生命  ；109起入學：自然科學 ],Life in the Universe and the Space Environments [ Fall Semester 2017 and Before : Science and Life ; From Fall Semester 2017 to Spring Semester 2020 : Science and Life  ; Fall Semester 2020 and After : Natural Sciences ],2.0,通,半,橋本康弘,三 6-7 公館 Ｅ302,97,124,,◎數位課程
1008,06UG023,通識,,,,是,,,智慧型手機與開放軟體之日常物理學習 [ 97-105入學：科學與生命 ；106-108入學：數學與邏輯思維 科學與生命  ；109起入學：邏輯運算 ],Smartphone and Open Source in Daily Physics Learning [ Fall Semester 2017 and Before : Science and Life ; From Fall Semester 2017 to Spring Semester 2020 : Mathematical and Logical Thinking Science and Life  ; Fall Semester 2020 and After : Logic and Computing ],2.0,通,半,賈至達,三 3-4 公館 Ｄ101,30,28,,
1009,06UG025,通識,A,,,,,,汽車與生活 [ 97-105入學：科學與生命 ；106-108入學：科學與生命  ；109起入學：自然科學 ],Vehicle and Life [ Fall Semester 2017 and Before : Science and Life ; From Fall Semester 2017 to Spring Semester 2020 : Science and Life  ; Fall Semester 2020 and After : Natural Sciences ],2.0,通,半,李景峰,三 3-4 本部 綜202演講廳,150,160,,
1010,06UG025,通識,B,,,,,,汽車與生活 [ 97-105入學：科學與生命 ；106-108入學：科學與生命  ；109起入學：自然科學 ],Vehicle and Life [ Fall Semester 2017 and Before : Science and Life ; From Fall Semester 2017 to Spring Semester 2020 : Science and Life  ; Fall Semester 2020 and After : Natural Sciences ],2.0,通,半,李景峰,三 6-7 本部 綜202演講廳,150,159,,
1011,06UG027,通識,,,,是,,,一般醫學常識 [ 97-105入學：科學與生命 ；106-108入學：科學與生命  ；109起入學：自然科學 ],General Medical Knowledge [ Fall Semester 2017 and Before : Science and Life ; From Fall Semester 2017 to Spring Semester 2020 : Science and Life  ; Fall Semester 2020 and After : Natural Sciences ],2.0,通,半,彭書韻,四 3-4 本部 正301,50,32,,
1012,06UG030,通識,,,,是,,,聯合國永續發展目標 [ 97-105入學：科學與生命 ；106-108入學：公民素養與社會探究 科學與生命  ；109起入學：自然科學 ],Introduction of Sustainable Development Goals (SDGs) [ Fall Semester 2017 and Before : Science and Life ; From Fall Semester 2017 to Spring Semester 2020 : Citizenship and Social Inquiry Science and Life  ; Fall Semester 2020 and After : Natural Sciences ],2.0,通,半,蘇淑娟 張子超 蔡慧敏,四 6-7 公館 理圖003,50,12,,
1013,06UG032,通識,,,,是,,,現代醫學 [ 97-105入學：科學與生命 ；106-108入學：科學與生命  ；109起入學：自然科學 ],Modern Medicine [ Fall Semester 2017 and Before : Science and Life ; From Fall Semester 2017 to Spring Semester 2020 : Science and Life  ; Fall Semester 2020 and After : Natural Sciences ],2.0,通,半,彭書韻,四 6-7 公館 理圖002,50,27,,
1014,0AUG203,通識,,,,,,,音樂概論 [ 97-105入學：一般通識(藝術與生活) ；106-108入學：藝術與美感  ；109起入學：人文藝術 ],Introduction to Music [ Fall Semester 2017 and Before : Non-core ; From Fall Semester 2017 to Spring Semester 2020 : Art and Aesthetics  ; Fall Semester 2020 and After : Humanities and Arts ],2.0,通,半,吳佩蓉,三 3-4 本部 音308,65,78,◎音樂系（學）不得選修,
1015,0AUG215,通識,A,,,是,,,文學與藝術 [ 97-105入學：一般通識(藝術與生活) ；106-108入學：語言與文學  ；109起入學：人文藝術 ],Literature and Arts [ Fall Semester 2017 and Before : Non-core ; From Fall Semester 2017 to Spring Semester 2020 : Language and Literature  ; Fall Semester 2020 and After : Humanities and Arts ],2.0,通,半,狄亞倫,二 6-7 本部 正303,50,39,,
1016,0AUG215,通識,B,,,,,,文學與藝術 [ 97-105入學：一般通識(藝術與生活) ；106-108入學：語言與文學  ；109起入學：人文藝術 ],Literature and Arts [ Fall Semester 2017 and Before : Non-core ; From Fall Semester 2017 to Spring Semester 2020 : Language and Literature  ; Fall Semester 2020 and After : Humanities and Arts ],2.0,通,半,林秀玲,五 9-10 本部 誠701A,50,47,,
1017,0AUG229,通識,,,,,,,文學、電影中的情感經驗 [ 97-105入學：一般通識(藝術與生活) ；106-108入學：語言與文學  ；109起入學：人文藝術 ],Love in Literature and Films [ Fall Semester 2017 and Before : Non-core ; From Fall Semester 2017 to Spring Semester 2020 : Language and Literature  ; Fall Semester 2020 and After : Humanities and Arts ],2.0,通,半,鄭怡庭,一 6-7 本部 誠105,30,46,,
1018,0AUG402,通識,A,,,,,,心理學 [ 97-105入學：一般通識(藝術與生活) ；106-108入學：科學與生命  ；109起入學：社會科學 學院共同課程 ],Psychology [ Fall Semester 2017 and Before : Non-core ; From Fall Semester 2017 to Spring Semester 2020 : Science and Life  ; Fall Semester 2020 and After : Social Sciences College Common Course ],2.0,通,半,楊諮燕,四 3-4 本部 正105,50,50,,
1019,0AUG402,通識,B,,,,,,心理學 [ 97-105入學：一般通識(藝術與生活) ；106-108入學：科學與生命  ；109起入學：社會科學 學院共同課程 ],Psychology [ Fall Semester 2017 and Before : Non-core ; From Fall Semester 2017 to Spring Semester 2020 : Science and Life  ; Fall Semester 2020 and After : Social Sciences College Common Course ],2.0,通,半,朱采翎,二 3-4 本部 樸202,50,55,,
1020,0AUG402,通識,C,,,,,,心理學 [ 97-105入學：一般通識(藝術與生活) ；106-108入學：科學與生命  ；109起入學：社會科學 學院共同課程 ],Psychology [ Fall Semester 2017 and Before : Non-core ; From Fall Semester 2017 to Spring Semester 2020 : Science and Life  ; Fall Semester 2020 and After : Social Sciences College Common Course ],2.0,通,半,朱采翎,二 6-7 本部 正201,50,55,,
1021,0AUG402,通識,D,,,是,,,心理學 [ 97-105入學：一般通識(藝術與生活) ；106-108入學：科學與生命  ；109起入學：社會科學 學院共同課程 ],Psychology [ Fall Semester 2017 and Before : Non-core ; From Fall Semester 2017 to Spring Semester 2020 : Science and Life  ; Fall Semester 2020 and After : Social Sciences College Common Course ],2.0,通,半,黃美齡,二 3-4 本部 樸306,50,53,,
1022,0AUG402,通識,E,,,,,,心理學 [ 97-105入學：一般通識(藝術與生活) ；106-108入學：科學與生命  ；109起入學：社會科學 學院共同課程 ],Psychology [ Fall Semester 2017 and Before : Non-core ; From Fall Semester 2017 to Spring Semester 2020 : Science and Life  ; Fall Semester 2020 and After : Social Sciences College Common Course ],2.0,通,半,黃美齡,二 6-7 本部 正203,50,55,,
1023,0AUG402,通識,F,,,,,,心理學 [ 97-105入學：一般通識(藝術與生活) ；106-108入學：科學與生命  ；109起入學：社會科學 學院共同課程 ],Psychology [ Fall Semester 2017 and Before : Non-core ; From Fall Semester 2017 to Spring Semester 2020 : Science and Life  ; Fall Semester 2020 and After : Social Sciences College Common Course ],2.0,通,半,蘇宜芬,三 3-4 本部 教103,100,100,,
1025,0AUG426,通識,,,,,,,物理與生活 [ 97-105入學：一般通識(藝術與生活) ；106-108入學：科學與生命  ；109起入學：自然科學 跨域專業探索課程 ],Physics and Life [ Fall Semester 2017 and Before : Non-core ; From Fall Semester 2017 to Spring Semester 2020 : Science and Life  ; Fall Semester 2020 and After : Natural Sciences Cross-domain Exploration ],2.0,通,半,盧志權,三 3-4 公館 Ｂ101,50,45,◎物理系（學）不得選修,
1026,0AUG442,通識,,,,是,,,聖經與人生 [ 97-105入學：一般通識(藝術與生活) ；106-108入學：歷史與文化  ；109起入學：人文藝術 ],The Bible and Human Life [ Fall Semester 2017 and Before : Non-core ; From Fall Semester 2017 to Spring Semester 2020 : History and Culture  ; Fall Semester 2020 and After : Humanities and Arts ],2.0,通,半,范俊銘,三 8-9 公館 Ｓ202,50,40,,
1027,0AUG462,通識,,,,,,,個人投資理財 [ 97-105入學：一般通識(藝術與生活) ；106-108入學：公民素養與社會探究  ；109起入學：社會科學 ],Personal Finance [ Fall Semester 2017 and Before : Non-core ; From Fall Semester 2017 to Spring Semester 2020 : Citizenship and Social Inquiry  ; Fall Semester 2020 and After : Social Sciences ],2.0,通,半,朱文增,三 3-4 本部 誠101,170,181,,
1028,0AUG463,通識,,,,,,,休閒與生活 [ 97-105入學：一般通識(藝術與生活) ；106-108入學：哲學思維與道德推理 公民素養與社會探究  ；109起入學：社會科學 ],Leisure in Our Daily Life [ Fall Semester 2017 and Before : Non-core ; From Fall Semester 2017 to Spring Semester 2020 : Philosophical Thinking and Moral Reasoning Citizenship and Social Inquiry  ; Fall Semester 2020 and After : Social Sciences ],2.0,通,半,李晶,三 3-4 本部 誠208,50,66,,
1029,0AUG485,通識,,,,,,,運動鑑賞 [ 97-105入學：一般通識(藝術與生活) ；106-108入學：藝術與美感  ；109起入學：人文藝術 ],Sports Appreciation [ Fall Semester 2017 and Before : Non-core ; From Fall Semester 2017 to Spring Semester 2020 : Art and Aesthetics  ; Fall Semester 2020 and After : Humanities and Arts ],2.0,通,半,林慶宏,三 3-4 本部 誠205,50,56,,
1030,0HUG011,通識,,,,,,,學術寫作 [ 97-105入學：一般通識(人文學) ；106-108入學：語言與文學  ；109起入學：人文藝術 ],Academic Writing [ Fall Semester 2017 and Before : Non-core ; From Fall Semester 2017 to Spring Semester 2020 : Language and Literature  ; Fall Semester 2020 and After : Humanities and Arts ],2.0,通,半,謝秀卉,二 3-4 本部 誠401,50,42,,
1031,0HUG210,通識,,,,,,,閩南語概論 [ 97-105入學：一般通識(人文學) ；106-108入學：語言與文學  ；109起入學：人文藝術 ],Introduction to Southern Min Chinese [ Fall Semester 2017 and Before : Non-core ; From Fall Semester 2017 to Spring Semester 2020 : Language and Literature  ; Fall Semester 2020 and After : Humanities and Arts ],2.0,通,半,林香薇,一 3-4 本部 教103,95,95,◎國文系（學）不得選修,
1032,0HUG248,通識,,,,是,,,中國經典文學閱讀：古典與現代 [ 97-105入學：一般通識(人文學) ；106-108入學：語言與文學  ；109起入學：人文藝術 ],Masterpieces of Chinese Literature: Classic and Modern [ Fall Semester 2017 and Before : Non-core ; From Fall Semester 2017 to Spring Semester 2020 : Language and Literature  ; Fall Semester 2020 and After : Humanities and Arts ],2.0,通,半,王思韻,三 6-7 本部 誠302,50,40,◎國文系（學）不得選修,授權碼優先發放給大四或延畢同學。
1033,0HUG249,通識,,,,,,,樂府詩與人生 [ 97-105入學：一般通識(人文學) ；106-108入學：語言與文學  ；109起入學：人文藝術 ],Yuefu Poems and Life [ Fall Semester 2017 and Before : Non-core ; From Fall Semester 2017 to Spring Semester 2020 : Language and Literature  ; Fall Semester 2020 and After : Humanities and Arts ],2.0,通,半,林淑雲,一 6-7 本部 誠101,135,141,◎國文系（學）不得選修,
1034,0HUG432,通識,,,,,,,莎士比亞的故事 [ 97-105入學：一般通識(人文學) ；106-108入學：語言與文學  ；109起入學：人文藝術 跨域專業探索課程 ],Shakespeare [ Fall Semester 2017 and Before : Non-core ; From Fall Semester 2017 to Spring Semester 2020 : Language and Literature  ; Fall Semester 2020 and After : Humanities and Arts Cross-domain Exploration ],2.0,通,半,林南,二 3-4 本部 誠202,70,80,◎英語系（學）不得選修,
1035,0HUG449,通識,,,,,,,國際貿易英文 [ 97-105入學：一般通識(人文學) ；106-108入學：語言與文學  ；109起入學：人文藝術 ],English for International Trade [ Fall Semester 2017 and Before : Non-core ; From Fall Semester 2017 to Spring Semester 2020 : Language and Literature  ; Fall Semester 2020 and After : Humanities and Arts ],2.0,通,半,田正利,三 3-4 本部 綜508會議室,50,50,,母語英語者不可以修習本課程
1036,0HUG450,通識,,,,是,,,大腦中的語言：心理語言學入門 [ 97-105入學：一般通識(人文學) ；106-108入學：語言與文學  ；109起入學：人文藝術 ],Language inside Our Heads: An Introduction to Psycholinguistics [ Fall Semester 2017 and Before : Non-core ; From Fall Semester 2017 to Spring Semester 2020 : Language and Literature  ; Fall Semester 2020 and After : Humanities and Arts ],2.0,通,半,颯楊,三 6-7 本部 誠304,50,50,,
1037,0HUG501,通識,A,,,,,,日語（一） [ 97-105入學：一般通識(人文學) ；106-108入學：第二外語  ；109起入學：人文藝術 ],Beginning Japanese [ Fall Semester 2017 and Before : Non-core ; From Fall Semester 2017 to Spring Semester 2020 : Foreign Languages  ; Fall Semester 2020 and After : Humanities and Arts ],2.0,通,半,張怡倩,四 3-4 本部 誠109,50,76,,日語母語者不可修本課程
1038,0HUG501,通識,B,,,,,,日語（一） [ 97-105入學：一般通識(人文學) ；106-108入學：第二外語  ；109起入學：人文藝術 ],Beginning Japanese [ Fall Semester 2017 and Before : Non-core ; From Fall Semester 2017 to Spring Semester 2020 : Foreign Languages  ; Fall Semester 2020 and After : Humanities and Arts ],2.0,通,半,張怡倩,四 6-7 本部 誠102,50,77,,日語母語者不可修本課程
1039,0HUG501,通識,C,,,,,,日語（一） [ 97-105入學：一般通識(人文學) ；106-108入學：第二外語  ；109起入學：人文藝術 ],Beginning Japanese [ Fall Semester 2017 and Before : Non-core ; From Fall Semester 2017 to Spring Semester 2020 : Foreign Languages  ; Fall Semester 2020 and After : Humanities and Arts ],2.0,通,半,許菁娟,一 6-7 公館 理圖002,50,50,,(1)日語為母語者不可選課。(2)本課程不開放授權碼，亦不簽停修單。
1040,0HUG501,通識,D,,,,,,日語（一） [ 97-105入學：一般通識(人文學) ；106-108入學：第二外語  ；109起入學：人文藝術 ],Beginning Japanese [ Fall Semester 2017 and Before : Non-core ; From Fall Semester 2017 to Spring Semester 2020 : Foreign Languages  ; Fall Semester 2020 and After : Humanities and Arts ],2.0,通,半,許菁娟,三 6-7 公館 理圖003,50,50,,(1)日語為母語者不可選課。(2)本課程不開放授權碼，亦不簽停修單。
1041,0HUG502,通識,A,,,,,,法語（一） [ 97-105入學：一般通識(人文學) ；106-108入學：第二外語  ；109起入學：人文藝術 ],French (I) [ Fall Semester 2017 and Before : Non-core ; From Fall Semester 2017 to Spring Semester 2020 : Foreign Languages  ; Fall Semester 2020 and After : Humanities and Arts ],2.0,通,半,楊慧娟,三 6-7 本部 正301,50,50,,學過二個月以上法語者，請勿選課。
1042,0HUG502,通識,B,,,,,,法語（一） [ 97-105入學：一般通識(人文學) ；106-108入學：第二外語  ；109起入學：人文藝術 ],French (I) [ Fall Semester 2017 and Before : Non-core ; From Fall Semester 2017 to Spring Semester 2020 : Foreign Languages  ; Fall Semester 2020 and After : Humanities and Arts ],2.0,通,半,楊慧娟,三 8-9 本部 正301,50,55,,學過二個月以上法語者，請勿選課。
1043,0HUG503,通識,A,,,,,,西班牙語（一） [ 97-105入學：一般通識(人文學) ；106-108入學：第二外語  ；109起入學：人文藝術 ],Spanish (I) [ Fall Semester 2017 and Before : Non-core ; From Fall Semester 2017 to Spring Semester 2020 : Foreign Languages  ; Fall Semester 2020 and After : Humanities and Arts ],2.0,通,半,張乃翠,三 3-4 本部 正203,50,55,,母語人士不可選課
1044,0HUG503,通識,B,,,,,,西班牙語（一） [ 97-105入學：一般通識(人文學) ；106-108入學：第二外語  ；109起入學：人文藝術 ],Spanish (I) [ Fall Semester 2017 and Before : Non-core ; From Fall Semester 2017 to Spring Semester 2020 : Foreign Languages  ; Fall Semester 2020 and After : Humanities and Arts ],2.0,通,半,張乃翠,三 6-7 本部 正203,50,54,,母語人士不可選課
1045,0HUG506,通識,A,,,,,,韓語（一） [ 97-105入學：一般通識(人文學) ；106-108入學：第二外語  ；109起入學：人文藝術 ],Korean (I) [ Fall Semester 2017 and Before : Non-core ; From Fall Semester 2017 to Spring Semester 2020 : Foreign Languages  ; Fall Semester 2020 and After : Humanities and Arts ],2.0,通,半,賀中慧,一 6-7 公館 理圖001,50,55,,授權碼發放以大四或延畢同學為優先
1046,0HUG506,通識,B,,,,,,韓語（一） [ 97-105入學：一般通識(人文學) ；106-108入學：第二外語  ；109起入學：人文藝術 ],Korean (I) [ Fall Semester 2017 and Before : Non-core ; From Fall Semester 2017 to Spring Semester 2020 : Foreign Languages  ; Fall Semester 2020 and After : Humanities and Arts ],2.0,通,半,賀中慧,一 8-9 公館 理圖001,50,53,,授權碼發放以大四或延畢同學為優先
1047,0HUG509,通識,A,,,,,,泰語（一） [ 97-105入學：一般通識(人文學) ；106-108入學：第二外語  ；109起入學：人文藝術 ],Thai Language (I) [ Fall Semester 2017 and Before : Non-core ; From Fall Semester 2017 to Spring Semester 2020 : Foreign Languages  ; Fall Semester 2020 and After : Humanities and Arts ],2.0,通,半,譚華德,四 6-7 本部 樸306,50,53,,母語人士不可選課
1048,0HUG509,通識,B,,,,,,泰語（一） [ 97-105入學：一般通識(人文學) ；106-108入學：第二外語  ；109起入學：人文藝術 ],Thai Language (I) [ Fall Semester 2017 and Before : Non-core ; From Fall Semester 2017 to Spring Semester 2020 : Foreign Languages  ; Fall Semester 2020 and After : Humanities and Arts ],2.0,通,半,譚華德,四 8-9 本部 樸306,50,55,,母語人士不可選課
1049,0HUG649,通識,A,,,,,,越南語（一） [ 97-105入學：一般通識(人文學) ；106-108入學：第二外語  ；109起入學：人文藝術 ],Vietnamese (I) [ Fall Semester 2017 and Before : Non-core ; From Fall Semester 2017 to Spring Semester 2020 : Foreign Languages  ; Fall Semester 2020 and After : Humanities and Arts ],2.0,通,半,劉陳石草,三 A-B 本部 誠109,50,36,,母語人士不可選課
1050,0HUG649,通識,B,,,,,,越南語（一） [ 97-105入學：一般通識(人文學) ；106-108入學：第二外語  ；109起入學：人文藝術 ],Vietnamese (I) [ Fall Semester 2017 and Before : Non-core ; From Fall Semester 2017 to Spring Semester 2020 : Foreign Languages  ; Fall Semester 2020 and After : Humanities and Arts ],2.0,通,半,劉陳石草,四 A-B 本部 誠109,50,13,,母語人士不可選課
1051,0HUG652,通識,A,,,,,,日語（二） [ 97-105入學：一般通識(人文學) ；106-108入學：第二外語  ；109起入學：人文藝術 ],Japanese (II) [ Fall Semester 2017 and Before : Non-core ; From Fall Semester 2017 to Spring Semester 2020 : Foreign Languages  ; Fall Semester 2020 and After : Humanities and Arts ],2.0,通,半,張怡倩,四 8-9 本部 誠109,50,57,,日語母語者不可修本課程
1052,0HUG652,通識,B,,,,,,日語（二） [ 97-105入學：一般通識(人文學) ；106-108入學：第二外語  ；109起入學：人文藝術 ],Japanese (II) [ Fall Semester 2017 and Before : Non-core ; From Fall Semester 2017 to Spring Semester 2020 : Foreign Languages  ; Fall Semester 2020 and After : Humanities and Arts ],2.0,通,半,許菁娟,三 8-9 公館 理圖003,50,42,,(1)日語為母語者不可選課。(2)本課程不開放授權碼，亦不簽停修單。
1053,0HUG653,通識,A,,,,,,印尼語（一） [ 97-105入學：一般通識(人文學) ；106-108入學：第二外語  ；109起入學：人文藝術 ],Indonesian Language (I) [ Fall Semester 2017 and Before : Non-core ; From Fall Semester 2017 to Spring Semester 2020 : Foreign Languages  ; Fall Semester 2020 and After : Humanities and Arts ],2.0,通,半,馮燕妮,三 6-7 本部 正201,50,39,,印尼語為母語者，或印尼及馬來西亞國籍者不得修課。
1054,0HUG653,通識,B,,,,,,印尼語（一） [ 97-105入學：一般通識(人文學) ；106-108入學：第二外語  ；109起入學：人文藝術 ],Indonesian Language (I) [ Fall Semester 2017 and Before : Non-core ; From Fall Semester 2017 to Spring Semester 2020 : Foreign Languages  ; Fall Semester 2020 and After : Humanities and Arts ],2.0,通,半,馮燕妮,三 8-9 本部 正201,50,49,,印尼語為母語者，或印尼及馬來西亞國籍者不得修課。
1055,0HUG655,通識,A,,,,,,馬來語 （一） [ 97-105入學：一般通識(人文學) ；106-108入學：第二外語  ；109起入學：人文藝術 ],Malay Language (I) [ Fall Semester 2017 and Before : Non-core ; From Fall Semester 2017 to Spring Semester 2020 : Foreign Languages  ; Fall Semester 2020 and After : Humanities and Arts ],2.0,通,半,陳際宇,二 A-B 本部 誠205,50,44,,馬來西亞籍及印尼籍同學不可選修。本門課不開放任何身份與形式之旁聽。
1056,0HUG655,通識,B,,,,,,馬來語 （一） [ 97-105入學：一般通識(人文學) ；106-108入學：第二外語  ；109起入學：人文藝術 ],Malay Language (I) [ Fall Semester 2017 and Before : Non-core ; From Fall Semester 2017 to Spring Semester 2020 : Foreign Languages  ; Fall Semester 2020 and After : Humanities and Arts ],2.0,通,半,陳際宇,一 A-B 本部 誠205,50,48,,馬來西亞籍及印尼籍同學不可選修。本門課不開放任何身份與形式之旁聽。
1057,0NUG245,通識,,,,是,,,人類與自然資源 [ 97-105入學：一般通識(自然科學) ；106-108入學：科學與生命  ；109起入學：自然科學 ],Human and Natural Sciences [ Fall Semester 2017 and Before : Non-core ; From Fall Semester 2017 to Spring Semester 2020 : Science and Life  ; Fall Semester 2020 and After : Natural Sciences ],2.0,通,半,葉孟宛,三 3-4 公館 綜合館B1小型演講廳,40,34,,1.本課程為與日本關西大學合開之國際線上課程。2.上課時間需與日本同步，調整為上午10:00。3.學生請自備筆電或平板可穩定上網視訊之設備。
1058,0NUG246,通識,,,,,,,生理心理學 [ 97-105入學：一般通識(自然科學) ；106-108入學：科學與生命  ；109起入學：自然科學 ],Physiological Psychology [ Fall Semester 2017 and Before : Non-core ; From Fall Semester 2017 to Spring Semester 2020 : Science and Life  ; Fall Semester 2020 and After : Natural Sciences ],2.0,通,半,呂國棟,三 3-4 公館 Ｅ102,120,128,,
1059,0NUG253,通識,,,,,,,３Ｄ列印與創新應用 [ 97-105入學：一般通識(自然科學) ；106-108入學：科學與生命  ；109起入學：自然科學 ],3 D Printing and Innovative Applications [ Fall Semester 2017 and Before : Non-core ; From Fall Semester 2017 to Spring Semester 2020 : Science and Life  ; Fall Semester 2020 and After : Natural Sciences ],2.0,通,半,沈林琥,三 3-4 本部 誠302,70,88,,
1060,0SUG238,通識,,,,,,,國際關係導論 [ 97-105入學：一般通識(社會科學) ；106-108入學：公民素養與社會探究  ；109起入學：社會科學 ],Introduction to International Relations [ Fall Semester 2017 and Before : Non-core ; From Fall Semester 2017 to Spring Semester 2020 : Citizenship and Social Inquiry  ; Fall Semester 2020 and After : Social Sciences ],2.0,通,半,徐筱琦,四 6-7 本部 正202,50,51,◎東亞系（學）不得選修,
1061,0SUG514,通識,,,,,,,博物館探索 [ 97-105入學：一般通識(社會科學) ；106-108入學：公民素養與社會探究 歷史與文化  ；109起入學：社會科學 ],Exploration of Museum [ Fall Semester 2017 and Before : Non-core ; From Fall Semester 2017 to Spring Semester 2020 : Citizenship and Social Inquiry History and Culture  ; Fall Semester 2020 and After : Social Sciences ],2.0,通,半,黃玫瑄,三 6-7 本部 誠301,60,72,,
1062,0SUG523,通識,,,,,,,通識教育講座 [ 97-105入學：一般通識(社會科學) ；106-108入學：語言與文學 藝術與美感 哲學思維與道德推理 公民素養與社會探究 歷史與文化 數學與邏輯思維 科學與生命  ；109起入學：社會科學 ],Lectures on General Education [ Fall Semester 2017 and Before : Non-core ; From Fall Semester 2017 to Spring Semester 2020 : Language and Literature Art and Aesthetics Philosophical Thinking and Moral Reasoning Citizenship and Social Inquiry History and Culture Mathematical and Logical Thinking Science and Life  ; Fall Semester 2020 and After : Social Sciences ],2.0,通,半,黃玫瑄,三 3-4 本部 誠301,72,72,,
1063,0SUG526,通識,A,,,,,,大學入門 [ 97-105入學：一般通識(社會科學) ；106-108入學：語言與文學 藝術與美感 哲學思維與道德推理 公民素養與社會探究 歷史與文化 數學與邏輯思維 科學與生命  ；109起入學：大學入門 ],Introduction to University Studies [ Fall Semester 2017 and Before : Non-core ; From Fall Semester 2017 to Spring Semester 2020 : Language and Literature Art and Aesthetics Philosophical Thinking and Moral Reasoning Citizenship and Social Inquiry History and Culture Mathematical and Logical Thinking Science and Life  ; Fall Semester 2020 and After : Introduction to University Studies ],2.0,通,半,陳伊琳,三 3-4 本部 教310,50,48,◎限大一修習◎限教育系（學）選修,非大一、非本系的學生請先取得授課教師同意，並以授權碼方式加選。
1064,0SUG526,通識,B,,,,,,大學入門 [ 97-105入學：一般通識(社會科學) ；106-108入學：語言與文學 藝術與美感 哲學思維與道德推理 公民素養與社會探究 歷史與文化 數學與邏輯思維 科學與生命  ；109起入學：大學入門 ],Introduction to University Studies [ Fall Semester 2017 and Before : Non-core ; From Fall Semester 2017 to Spring Semester 2020 : Language and Literature Art and Aesthetics Philosophical Thinking and Moral Reasoning Citizenship and Social Inquiry History and Culture Mathematical and Logical Thinking Science and Life  ; Fall Semester 2020 and After : Introduction to University Studies ],2.0,通,半,姜兆眉,三 6-7 本部 教513,50,39,◎限大一修習◎限心輔系（學）選修,非大一、非本系的學生請先取得授課教師同意，並以授權碼方式加選。
1065,0SUG526,通識,C,,,,,,大學入門 [ 97-105入學：一般通識(社會科學) ；106-108入學：語言與文學 藝術與美感 哲學思維與道德推理 公民素養與社會探究 歷史與文化 數學與邏輯思維 科學與生命  ；109起入學：大學入門 ],Introduction to University Studies [ Fall Semester 2017 and Before : Non-core ; From Fall Semester 2017 to Spring Semester 2020 : Language and Literature Art and Aesthetics Philosophical Thinking and Moral Reasoning Citizenship and Social Inquiry History and Culture Mathematical and Logical Thinking Science and Life  ; Fall Semester 2020 and After : Introduction to University Studies ],2.0,通,半,徐敏雄,三 8-9 本部 樸401,50,42,◎限大一修習◎限社教系（學）選修,非大一、非本系的學生請先取得授課教師同意，並以授權碼方式加選。
1066,0SUG526,通識,D,,,,,,大學入門 [ 97-105入學：一般通識(社會科學) ；106-108入學：語言與文學 藝術與美感 哲學思維與道德推理 公民素養與社會探究 歷史與文化 數學與邏輯思維 科學與生命  ；109起入學：大學入門 ],Introduction to University Studies [ Fall Semester 2017 and Before : Non-core ; From Fall Semester 2017 to Spring Semester 2020 : Language and Literature Art and Aesthetics Philosophical Thinking and Moral Reasoning Citizenship and Social Inquiry History and Culture Mathematical and Logical Thinking Science and Life  ; Fall Semester 2020 and After : Introduction to University Studies ],2.0,通,半,林佳嫻,三 3-4 本部 正103,50,39,◎限大一修習◎限衛教系（學）選修,非大一、非本系的學生請先取得授課教師同意，並以授權碼方式加選。
1067,0SUG526,通識,E,,,,,,大學入門 [ 97-105入學：一般通識(社會科學) ；106-108入學：語言與文學 藝術與美感 哲學思維與道德推理 公民素養與社會探究 歷史與文化 數學與邏輯思維 科學與生命  ；109起入學：大學入門 ],Introduction to University Studies [ Fall Semester 2017 and Before : Non-core ; From Fall Semester 2017 to Spring Semester 2020 : Language and Literature Art and Aesthetics Philosophical Thinking and Moral Reasoning Citizenship and Social Inquiry History and Culture Mathematical and Logical Thinking Science and Life  ; Fall Semester 2020 and After : Introduction to University Studies ],2.0,通,半,吳志文,三 3-4 本部 樸301,50,61,◎限大一修習◎限人發系（學）選修,非大一、非本系的學生請先取得授課教師同意，並以授權碼方式加選。
1068,0SUG526,通識,F,,,,,,大學入門 [ 97-105入學：一般通識(社會科學) ；106-108入學：語言與文學 藝術與美感 哲學思維與道德推理 公民素養與社會探究 歷史與文化 數學與邏輯思維 科學與生命  ；109起入學：大學入門 ],Introduction to University Studies [ Fall Semester 2017 and Before : Non-core ; From Fall Semester 2017 to Spring Semester 2020 : Language and Literature Art and Aesthetics Philosophical Thinking and Moral Reasoning Citizenship and Social Inquiry History and Culture Mathematical and Logical Thinking Science and Life  ; Fall Semester 2020 and After : Introduction to University Studies ],2.0,通,半,林佳範,三 3-4 本部 誠102,80,77,◎限大一修習◎限公領系（學）選修,非大一、非本系的學生請先取得授課教師同意，並以授權碼方式加選。
1069,0SUG526,通識,G,,,,,,大學入門 [ 97-105入學：一般通識(社會科學) ；106-108入學：語言與文學 藝術與美感 哲學思維與道德推理 公民素養與社會探究 歷史與文化 數學與邏輯思維 科學與生命  ；109起入學：大學入門 ],Introduction to University Studies [ Fall Semester 2017 and Before : Non-core ; From Fall Semester 2017 to Spring Semester 2020 : Language and Literature Art and Aesthetics Philosophical Thinking and Moral Reasoning Citizenship and Social Inquiry History and Culture Mathematical and Logical Thinking Science and Life  ; Fall Semester 2020 and After : Introduction to University Studies ],2.0,通,半,劉秀丹,三 3-4 本部 特112,50,43,◎限大一修習◎限特教系（學）選修,非大一、非本系的學生請先取得授課教師同意，並以授權碼方式加選。
1070,0SUG526,通識,H,,,,,,大學入門 [ 97-105入學：一般通識(社會科學) ；106-108入學：語言與文學 藝術與美感 哲學思維與道德推理 公民素養與社會探究 歷史與文化 數學與邏輯思維 科學與生命  ；109起入學：大學入門 ],Introduction to University Studies [ Fall Semester 2017 and Before : Non-core ; From Fall Semester 2017 to Spring Semester 2020 : Language and Literature Art and Aesthetics Philosophical Thinking and Moral Reasoning Citizenship and Social Inquiry History and Culture Mathematical and Logical Thinking Science and Life  ; Fall Semester 2020 and After : Introduction to University Studies ],2.0,通,半,林宗進,三 3-4 本部 誠105,43,15,◎限大一修習◎限學習科學學位學程（學選修,非大一、非本系的學生請先取得授課教師同意，並以授權碼方式加選。
1071,0SUG526,通識,I,,,,,,大學入門 [ 97-105入學：一般通識(社會科學) ；106-108入學：語言與文學 藝術與美感 哲學思維與道德推理 公民素養與社會探究 歷史與文化 數學與邏輯思維 科學與生命  ；109起入學：大學入門 ],Introduction to University Studies [ Fall Semester 2017 and Before : Non-core ; From Fall Semester 2017 to Spring Semester 2020 : Language and Literature Art and Aesthetics Philosophical Thinking and Moral Reasoning Citizenship and Social Inquiry History and Culture Mathematical and Logical Thinking Science and Life  ; Fall Semester 2020 and After : Introduction to University Studies ],2.0,通,半,胡翠君,一 6-7 本部 教600,50,23,◎限大一修習◎限教院不分系（學）選修,非大一、非本系的學生請先取得授課教師同意，並以授權碼方式加選。
1072,0SUG528,通識,,,,是,,,臺灣教育 [ 97-105入學：一般通識(社會科學) ；106-108入學：公民素養與社會探究  ；109起入學：社會科學 ],Education in Taiwan [ Fall Semester 2017 and Before : Non-core ; From Fall Semester 2017 to Spring Semester 2020 : Citizenship and Social Inquiry  ; Fall Semester 2020 and After : Social Sciences ],2.0,通,半,鄭英傑 劉宇挺 江學瀅 鄭怡庭,三 3-4 本部 誠104,54,54,,
1073,0SUG531,通識,A,,,,,,大學入門 [ 97-105入學：一般通識(社會科學) ；106-108入學：語言與文學 藝術與美感 哲學思維與道德推理 公民素養與社會探究 歷史與文化 數學與邏輯思維 科學與生命  ；109起入學：大學入門 ],Introduction to University Studies [ Fall Semester 2017 and Before : Non-core ; From Fall Semester 2017 to Spring Semester 2020 : Language and Literature Art and Aesthetics Philosophical Thinking and Moral Reasoning Citizenship and Social Inquiry History and Culture Mathematical and Logical Thinking Science and Life  ; Fall Semester 2020 and After : Introduction to University Studies ],2.0,通,半,徐國能,三 3-4 本部 綜210展覽廳,120,88,◎限大一修習◎限國文系（學）選修,非大一、非本系的學生請先取得授課教師同意，並以授權碼方式加選。
1074,0SUG531,通識,B,,,,,,大學入門 [ 97-105入學：一般通識(社會科學) ；106-108入學：語言與文學 藝術與美感 哲學思維與道德推理 公民素養與社會探究 歷史與文化 數學與邏輯思維 科學與生命  ；109起入學：大學入門 ],Introduction to University Studies [ Fall Semester 2017 and Before : Non-core ; From Fall Semester 2017 to Spring Semester 2020 : Language and Literature Art and Aesthetics Philosophical Thinking and Moral Reasoning Citizenship and Social Inquiry History and Culture Mathematical and Logical Thinking Science and Life  ; Fall Semester 2020 and After : Introduction to University Studies ],2.0,通,半,張瓊惠,三 3-4 本部 誠307,60,57,◎限大一修習◎限英語系（學）選修,非大一、非本系的學生請先取得授課教師同意，並以授權碼方式加選。
1075,0SUG531,通識,C,,,,,,大學入門 [ 97-105入學：一般通識(社會科學) ；106-108入學：語言與文學 藝術與美感 哲學思維與道德推理 公民素養與社會探究 歷史與文化 數學與邏輯思維 科學與生命  ；109起入學：大學入門 ],Introduction to University Studies [ Fall Semester 2017 and Before : Non-core ; From Fall Semester 2017 to Spring Semester 2020 : Language and Literature Art and Aesthetics Philosophical Thinking and Moral Reasoning Citizenship and Social Inquiry History and Culture Mathematical and Logical Thinking Science and Life  ; Fall Semester 2020 and After : Introduction to University Studies ],2.0,通,半,陳昭揚,四 3-4 本部 誠307,50,55,◎限大一修習◎限歷史系（學）選修,非大一、非本系的學生請先取得授課教師同意，並以授權碼方式加選。
1076,0SUG531,通識,D,,,,,,大學入門 [ 97-105入學：一般通識(社會科學) ；106-108入學：語言與文學 藝術與美感 哲學思維與道德推理 公民素養與社會探究 歷史與文化 數學與邏輯思維 科學與生命  ；109起入學：大學入門 ],Introduction to University Studies [ Fall Semester 2017 and Before : Non-core ; From Fall Semester 2017 to Spring Semester 2020 : Language and Literature Art and Aesthetics Philosophical Thinking and Moral Reasoning Citizenship and Social Inquiry History and Culture Mathematical and Logical Thinking Science and Life  ; Fall Semester 2020 and After : Introduction to University Studies ],2.0,通,半,李宗祐,三 3-4 本部 誠107,50,47,◎限大一修習◎限地理系（學）選修,非大一、非本系的學生請先取得授課教師同意，並以授權碼方式加選。
1077,0SUG531,通識,E,,,,,,大學入門 [ 97-105入學：一般通識(社會科學) ；106-108入學：語言與文學 藝術與美感 哲學思維與道德推理 公民素養與社會探究 歷史與文化 數學與邏輯思維 科學與生命  ；109起入學：大學入門 ],Introduction to University Studies [ Fall Semester 2017 and Before : Non-core ; From Fall Semester 2017 to Spring Semester 2020 : Language and Literature Art and Aesthetics Philosophical Thinking and Moral Reasoning Citizenship and Social Inquiry History and Culture Mathematical and Logical Thinking Science and Life  ; Fall Semester 2020 and After : Introduction to University Studies ],2.0,通,半,洪立三,三 3-4 本部 誠201,50,37,◎限大一修習◎限地理系（學）選修,非大一、非本系的學生請先取得授課教師同意，並以授權碼方式加選。
1078,0SUG531,通識,F,,,,,,大學入門 [ 97-105入學：一般通識(社會科學) ；106-108入學：語言與文學 藝術與美感 哲學思維與道德推理 公民素養與社會探究 歷史與文化 數學與邏輯思維 科學與生命  ；109起入學：大學入門 ],Introduction to University Studies [ Fall Semester 2017 and Before : Non-core ; From Fall Semester 2017 to Spring Semester 2020 : Language and Literature Art and Aesthetics Philosophical Thinking and Moral Reasoning Citizenship and Social Inquiry History and Culture Mathematical and Logical Thinking Science and Life  ; Fall Semester 2020 and After : Introduction to University Studies ],2.0,通,半,劉承賢,三 3-4 本部 誠206,50,24,◎限大一修習◎限臺文系（學）選修,非大一、非本系的學生請先取得授課教師同意，並以授權碼方式加選。
3311,0SUG532,通識,A,,,,,,大學入門 [ 97-105入學：一般通識(社會科學) ；106-108入學：語言與文學 藝術與美感 哲學思維與道德推理 公民素養與社會探究 歷史與文化 數學與邏輯思維 科學與生命  ；109起入學：大學入門 ],Introduction to University Studies [ Fall Semester 2017 and Before : Non-core ; From Fall Semester 2017 to Spring Semester 2020 : Language and Literature Art and Aesthetics Philosophical Thinking and Moral Reasoning Citizenship and Social Inquiry History and Culture Mathematical and Logical Thinking Science and Life  ; Fall Semester 2020 and After : Introduction to University Studies ],2.0,通,半,許志農,三 3-4 公館 Ｂ103,90,86,◎限大一修習◎限數學系（學）選修,非大一、非本系的學生請先取得授課教師同意，並以授權碼方式加選。
1079,0SUG532,通識,B,,,,,,大學入門 [ 97-105入學：一般通識(社會科學) ；106-108入學：語言與文學 藝術與美感 哲學思維與道德推理 公民素養與社會探究 歷史與文化 數學與邏輯思維 科學與生命  ；109起入學：大學入門 ],Introduction to University Studies [ Fall Semester 2017 and Before : Non-core ; From Fall Semester 2017 to Spring Semester 2020 : Language and Literature Art and Aesthetics Philosophical Thinking and Moral Reasoning Citizenship and Social Inquiry History and Culture Mathematical and Logical Thinking Science and Life  ; Fall Semester 2020 and After : Introduction to University Studies ],2.0,通,半,蔡志申 林文欽,三 3-4 公館 Ｓ303,50,56,◎限大一修習◎限物理系（學）選修,非大一、非本系的學生請先取得授課教師同意，並以授權碼方式加選。
1080,0SUG532,通識,C,,,,,,大學入門 [ 97-105入學：一般通識(社會科學) ；106-108入學：語言與文學 藝術與美感 哲學思維與道德推理 公民素養與社會探究 歷史與文化 數學與邏輯思維 科學與生命  ；109起入學：大學入門 ],Introduction to University Studies [ Fall Semester 2017 and Before : Non-core ; From Fall Semester 2017 to Spring Semester 2020 : Language and Literature Art and Aesthetics Philosophical Thinking and Moral Reasoning Citizenship and Social Inquiry History and Culture Mathematical and Logical Thinking Science and Life  ; Fall Semester 2020 and After : Introduction to University Studies ],2.0,通,半,呂家榮 吳學亮 陳頌方,三 3-4 公館 Ｅ302,90,75,◎限大一修習◎限化學系（學）選修,非大一、非本系的學生請先取得授課教師同意，並以授權碼方式加選。
1081,0SUG532,通識,D,,,,,,大學入門 [ 97-105入學：一般通識(社會科學) ；106-108入學：語言與文學 藝術與美感 哲學思維與道德推理 公民素養與社會探究 歷史與文化 數學與邏輯思維 科學與生命  ；109起入學：大學入門 ],Introduction to University Studies [ Fall Semester 2017 and Before : Non-core ; From Fall Semester 2017 to Spring Semester 2020 : Language and Literature Art and Aesthetics Philosophical Thinking and Moral Reasoning Citizenship and Social Inquiry History and Culture Mathematical and Logical Thinking Science and Life  ; Fall Semester 2020 and After : Introduction to University Studies ],2.0,通,半,賴韻如,三 3-4 公館 Ｅ201,60,54,◎限大一修習◎限生科系（學）選修,非大一、非本系的學生請先取得授課教師同意，並以授權碼方式加選。
1082,0SUG532,通識,E,,,,,,大學入門 [ 97-105入學：一般通識(社會科學) ；106-108入學：語言與文學 藝術與美感 哲學思維與道德推理 公民素養與社會探究 歷史與文化 數學與邏輯思維 科學與生命  ；109起入學：大學入門 ],Introduction to University Studies [ Fall Semester 2017 and Before : Non-core ; From Fall Semester 2017 to Spring Semester 2020 : Language and Literature Art and Aesthetics Philosophical Thinking and Moral Reasoning Citizenship and Social Inquiry History and Culture Mathematical and Logical Thinking Science and Life  ; Fall Semester 2020 and After : Introduction to University Studies ],2.0,通,半,曾瑋玲,三 3-4 公館 Ｓ404,50,21,◎限大一修習◎限地科系（學）選修,非大一、非本系的學生請先取得授課教師同意，並以授權碼方式加選。
1083,0SUG532,通識,F,,,,,,大學入門 [ 97-105入學：一般通識(社會科學) ；106-108入學：語言與文學 藝術與美感 哲學思維與道德推理 公民素養與社會探究 歷史與文化 數學與邏輯思維 科學與生命  ；109起入學：大學入門 ],Introduction to University Studies [ Fall Semester 2017 and Before : Non-core ; From Fall Semester 2017 to Spring Semester 2020 : Language and Literature Art and Aesthetics Philosophical Thinking and Moral Reasoning Citizenship and Social Inquiry History and Culture Mathematical and Logical Thinking Science and Life  ; Fall Semester 2020 and After : Introduction to University Studies ],2.0,通,半,蔣宗哲,二 6-7 公館 Ｂ102,50,48,◎限大一修習◎限資工系（學）選修,非大一、非本系的學生請先取得授課教師同意，並以授權碼方式加選。
1084,0SUG534,通識,A,,,,,,大學入門 [ 97-105入學：一般通識(社會科學) ；106-108入學：語言與文學 藝術與美感 哲學思維與道德推理 公民素養與社會探究 歷史與文化 數學與邏輯思維 科學與生命  ；109起入學：大學入門 ],Introduction to University Studies [ Fall Semester 2017 and Before : Non-core ; From Fall Semester 2017 to Spring Semester 2020 : Language and Literature Art and Aesthetics Philosophical Thinking and Moral Reasoning Citizenship and Social Inquiry History and Culture Mathematical and Logical Thinking Science and Life  ; Fall Semester 2020 and After : Introduction to University Studies ],2.0,通,半,黃昱倫,二 1-2 本部 樸205,50,30,◎限大一修習◎限體育系（學）選修,非大一、非本系的學生請先取得授課教師同意，並以授權碼方式加選。
1085,0SUG534,通識,B,,,,,,大學入門 [ 97-105入學：一般通識(社會科學) ；106-108入學：語言與文學 藝術與美感 哲學思維與道德推理 公民素養與社會探究 歷史與文化 數學與邏輯思維 科學與生命  ；109起入學：大學入門 ],Introduction to University Studies [ Fall Semester 2017 and Before : Non-core ; From Fall Semester 2017 to Spring Semester 2020 : Language and Literature Art and Aesthetics Philosophical Thinking and Moral Reasoning Citizenship and Social Inquiry History and Culture Mathematical and Logical Thinking Science and Life  ; Fall Semester 2020 and After : Introduction to University Studies ],2.0,通,半,林靜萍,二 1-2 本部 樸206,50,22,◎限大一修習◎限體育系（學）選修,非大一、非本系的學生請先取得授課教師同意，並以授權碼方式加選。
1086,0SUG534,通識,C,,,,,,大學入門 [ 97-105入學：一般通識(社會科學) ；106-108入學：語言與文學 藝術與美感 哲學思維與道德推理 公民素養與社會探究 歷史與文化 數學與邏輯思維 科學與生命  ；109起入學：大學入門 ],Introduction to University Studies [ Fall Semester 2017 and Before : Non-core ; From Fall Semester 2017 to Spring Semester 2020 : Language and Literature Art and Aesthetics Philosophical Thinking and Moral Reasoning Citizenship and Social Inquiry History and Culture Mathematical and Logical Thinking Science and Life  ; Fall Semester 2020 and After : Introduction to University Studies ],2.0,通,半,蔡於儒,四 1-2 公館 Ｓ101,50,64,◎限大一修習◎限競技系（學）選修,非大一、非本系的學生請先取得授課教師同意，並以授權碼方式加選。
1087,0SUG535,通識,A,,,,,,大學入門 [ 97-105入學：一般通識(社會科學) ；106-108入學：語言與文學 藝術與美感 哲學思維與道德推理 公民素養與社會探究 歷史與文化 數學與邏輯思維 科學與生命  ；109起入學：大學入門 ],Introduction to University Studies [ Fall Semester 2017 and Before : Non-core ; From Fall Semester 2017 to Spring Semester 2020 : Language and Literature Art and Aesthetics Philosophical Thinking and Moral Reasoning Citizenship and Social Inquiry History and Culture Mathematical and Logical Thinking Science and Life  ; Fall Semester 2020 and After : Introduction to University Studies ],2.0,通,半,莊連東,二 9-10 本部 美505,50,23,◎限大一修習◎限美術系（學）選修,非大一、非本系的學生請先取得授課教師同意，並以授權碼方式加選。
1088,0SUG535,通識,B,,,,,,大學入門 [ 97-105入學：一般通識(社會科學) ；106-108入學：語言與文學 藝術與美感 哲學思維與道德推理 公民素養與社會探究 歷史與文化 數學與邏輯思維 科學與生命  ；109起入學：大學入門 ],Introduction to University Studies [ Fall Semester 2017 and Before : Non-core ; From Fall Semester 2017 to Spring Semester 2020 : Language and Literature Art and Aesthetics Philosophical Thinking and Moral Reasoning Citizenship and Social Inquiry History and Culture Mathematical and Logical Thinking Science and Life  ; Fall Semester 2020 and After : Introduction to University Studies ],2.0,通,半,宋曉明,四 9-10 本部 美401,50,28,◎限大一修習◎限美術系（學）選修,非大一、非本系的學生請先取得授課教師同意，並以授權碼方式加選。
1089,0SUG535,通識,C,,,是,,,大學入門 [ 97-105入學：一般通識(社會科學) ；106-108入學：語言與文學 藝術與美感 哲學思維與道德推理 公民素養與社會探究 歷史與文化 數學與邏輯思維 科學與生命  ；109起入學：大學入門 ],Introduction to University Studies [ Fall Semester 2017 and Before : Non-core ; From Fall Semester 2017 to Spring Semester 2020 : Language and Literature Art and Aesthetics Philosophical Thinking and Moral Reasoning Citizenship and Social Inquiry History and Culture Mathematical and Logical Thinking Science and Life  ; Fall Semester 2020 and After : Introduction to University Studies ],2.0,通,半,長友大輔,四 8-9 本部 設計系2A教室,50,40,◎限大一修習◎限設計系（學）選修,非大一、非本系的學生請先取得授課教師同意，並以授權碼方式加選。
1090,0SUG536,通識,A,,,,,,大學入門 [ 97-105入學：一般通識(社會科學) ；106-108入學：語言與文學 藝術與美感 哲學思維與道德推理 公民素養與社會探究 歷史與文化 數學與邏輯思維 科學與生命  ；109起入學：大學入門 ],Introduction to University Studies [ Fall Semester 2017 and Before : Non-core ; From Fall Semester 2017 to Spring Semester 2020 : Language and Literature Art and Aesthetics Philosophical Thinking and Moral Reasoning Citizenship and Social Inquiry History and Culture Mathematical and Logical Thinking Science and Life  ; Fall Semester 2020 and After : Introduction to University Studies ],2.0,通,半,吳佩蓉,二 3-4 本部 綜202演講廳,50,43,◎限大一修習◎限音樂系（學）選修,非大一、非本系的學生請先取得授課教師同意，並以授權碼方式加選。
1091,0SUG536,通識,B,,,,,,大學入門 [ 97-105入學：一般通識(社會科學) ；106-108入學：語言與文學 藝術與美感 哲學思維與道德推理 公民素養與社會探究 歷史與文化 數學與邏輯思維 科學與生命  ；109起入學：大學入門 ],Introduction to University Studies [ Fall Semester 2017 and Before : Non-core ; From Fall Semester 2017 to Spring Semester 2020 : Language and Literature Art and Aesthetics Philosophical Thinking and Moral Reasoning Citizenship and Social Inquiry History and Culture Mathematical and Logical Thinking Science and Life  ; Fall Semester 2020 and After : Introduction to University Studies ],2.0,通,半,梁文菁,三 6-7 本部 誠104,45,28,◎限大一修習◎限表演學位學程（學）選修,非大一、非本系的學生請先取得授課教師同意，並以授權碼方式加選。
1092,0SUG537,通識,,,,,,,大學入門 [ 97-105入學：一般通識(社會科學) ；106-108入學：語言與文學 藝術與美感 哲學思維與道德推理 公民素養與社會探究 歷史與文化 數學與邏輯思維 科學與生命  ；109起入學：大學入門 ],Introduction to University Studies [ Fall Semester 2017 and Before : Non-core ; From Fall Semester 2017 to Spring Semester 2020 : Language and Literature Art and Aesthetics Philosophical Thinking and Moral Reasoning Citizenship and Social Inquiry History and Culture Mathematical and Logical Thinking Science and Life  ; Fall Semester 2020 and After : Introduction to University Studies ],2.0,通,半,邱皓政,三 3-4 本部 誠401,60,51,◎限大一修習◎限企管系（學）選修,非大一、非本系的學生請先取得授課教師同意，並以授權碼方式加選。
1093,0SUG538,通識,A,,,,,,大學入門 [ 97-105入學：一般通識(社會科學) ；106-108入學：語言與文學 藝術與美感 哲學思維與道德推理 公民素養與社會探究 歷史與文化 數學與邏輯思維 科學與生命  ；109起入學：大學入門 ],Introduction to University Studies [ Fall Semester 2017 and Before : Non-core ; From Fall Semester 2017 to Spring Semester 2020 : Language and Literature Art and Aesthetics Philosophical Thinking and Moral Reasoning Citizenship and Social Inquiry History and Culture Mathematical and Logical Thinking Science and Life  ; Fall Semester 2020 and After : Introduction to University Studies ],2.0,通,半,林昌平,二 8-9 本部 誠109,50,9,◎限大一修習◎限東亞系（學）選修,非大一、非本系的學生請先取得授課教師同意，並以授權碼方式加選。
1094,0SUG538,通識,B,,,,,,大學入門 [ 97-105入學：一般通識(社會科學) ；106-108入學：語言與文學 藝術與美感 哲學思維與道德推理 公民素養與社會探究 歷史與文化 數學與邏輯思維 科學與生命  ；109起入學：大學入門 ],Introduction to University Studies [ Fall Semester 2017 and Before : Non-core ; From Fall Semester 2017 to Spring Semester 2020 : Language and Literature Art and Aesthetics Philosophical Thinking and Moral Reasoning Citizenship and Social Inquiry History and Culture Mathematical and Logical Thinking Science and Life  ; Fall Semester 2020 and After : Introduction to University Studies ],2.0,通,半,劉崇仁,三 3-4 本部 樸404,50,31,◎限大一修習◎限華語系（學）「國際華語與文化組」選修,非大一、非本系的學生請先取得授課教師同意，並以授權碼方式加選。
3300,0SUG538,通識,C,,,,,,大學入門 [ 97-105入學：一般通識(社會科學) ；106-108入學：語言與文學 藝術與美感 哲學思維與道德推理 公民素養與社會探究 歷史與文化 數學與邏輯思維 科學與生命  ；109起入學：大學入門 ],Introduction to University Studies [ Fall Semester 2017 and Before : Non-core ; From Fall Semester 2017 to Spring Semester 2020 : Language and Literature Art and Aesthetics Philosophical Thinking and Moral Reasoning Citizenship and Social Inquiry History and Culture Mathematical and Logical Thinking Science and Life  ; Fall Semester 2020 and After : Introduction to University Studies ],2.0,通,半,邱詩雯,三 3-4 本部 誠207,50,54,◎限大一修習◎限華語系（學）「應用華語文學組」選修,非大一、非本系的學生請先取得授課教師同意，並以授權碼方式加選。
4882,0SUG539,通識,,,,,,,自主學習：專題探究 [ 97-105入學：一般通識(社會科學) ；106-108入學：自主學習  ；109起入學：專題探究 ],Self-Directed Learning: Inquiry Study [ Fall Semester 2017 and Before : Non-core ; From Fall Semester 2017 to Spring Semester 2020 : Self-Directed Learning  ; Fall Semester 2020 and After : Inquiry Study ],2.0,通,半,劉湘瑤,五 10-B 本部 誠206,50,10,◎第一階段需人工加選◎第二階段需人工加選◎加退選階段需人工加選允許重複修,